<?xml version="1.0" encoding="UTF-8"?>
<metadata xml:lang="zh"><Esri><CreaDate>20210204</CreaDate><CreaTime>10064400</CreaTime><ArcGISFormat>1.0</ArcGISFormat><SyncOnce>FALSE</SyncOnce><DataProperties><itemProps><itemName Sync="TRUE">Export_Output_Sort</itemName><imsContentType Sync="TRUE">002</imsContentType><itemLocation><linkage Sync="TRUE">file://\\LAPTOP-QGF1F1U5\C\Users\Admin\Documents\ArcGIS\Default.gdb</linkage><protocol Sync="TRUE">Local Area Network</protocol></itemLocation><itemSize Sync="TRUE">0.000</itemSize></itemProps><lineage><Process ToolSource="d:\program files\arcgis\pro\Resources\ArcToolbox\toolboxes\Data Management Tools.tbx\CopyFeatures" Date="20201208" Time="150047">CopyFeatures daolu-Polyline E:\GIS_project\gx_project\gx\gx.gdb\gyd_road # # # #</Process><Process ToolSource="d:\program files\arcgis\pro\Resources\ArcToolbox\toolboxes\Data Management Tools.tbx\CopyFeatures" Date="20201208" Time="164536">CopyFeatures gyd_road E:\GIS_project\gx_project\gx\gx.gdb\gyd_road3 # # # #</Process><Process ToolSource="d:\program files\arcgis\pro\Resources\ArcToolbox\toolboxes\Data Management Tools.tbx\CopyFeatures" Date="20201211" Time="160005">CopyFeatures gyd_road3 E:\GIS_project\gx_project\gx\test.gdb\gyd_road # # # #</Process><Process ToolSource="d:\program files\arcgis\pro\Resources\ArcToolbox\toolboxes\Conversion Tools.tbx\FeatureClassToFeatureClass" Date="20201211" Time="165537">FeatureClassToFeatureClass gyd_road E:\GIS_project\gx_project\gx\testtuopu.gdb\test test # "Entity "Entity" true true false 16 Text 0 0,First,#,gyd_road,Entity,0,16;Layer "Layer" true true false 255 Text 0 0,First,#,gyd_road,Layer,0,255;LyrFrzn "LyrFrzn" true true false 2 Short 0 0,First,#,gyd_road,LyrFrzn,-1,-1;LyrOn "LyrOn" true true false 2 Short 0 0,First,#,gyd_road,LyrOn,-1,-1;Color "Color" true true false 2 Short 0 0,First,#,gyd_road,Color,-1,-1;Linetype "Linetype" true true false 255 Text 0 0,First,#,gyd_road,Linetype,0,255;Elevation "Elevation" true true false 8 Double 0 0,First,#,gyd_road,Elevation,-1,-1;LineWt "LineWt" true true false 2 Short 0 0,First,#,gyd_road,LineWt,-1,-1;RefName "RefName" true true false 255 Text 0 0,First,#,gyd_road,RefName,0,255;Shape_Length "Shape_Length" false true true 8 Double 0 0,First,#,gyd_road,Shape_Length,-1,-1" #</Process><Process ToolSource="d:\program files\arcgis\pro\Resources\ArcToolbox\toolboxes\Data Management Tools.tbx\UpdateSchema" Date="20201211" Time="165739">UpdateSchema E:\GIS_project\gx_project\gx\testtuopu.gdb\test "&lt;operationSequence&gt;&lt;workflow&gt;&lt;CreateTopology&gt;&lt;out_name&gt;test_Topology&lt;/out_name&gt;&lt;in_cluster_tolerance&gt;0.0010000000&lt;/in_cluster_tolerance&gt;&lt;/CreateTopology&gt;&lt;/workflow&gt;&lt;workflow&gt;&lt;AddFeatureClassToTopology&gt;&lt;in_featureclass&gt;E:\GIS_project\gx_project\gx\testtuopu.gdb\test&lt;/in_featureclass&gt;&lt;xy_rank&gt;1 &lt;/xy_rank&gt;&lt;z_rank&gt;1 &lt;/z_rank&gt;&lt;/AddFeatureClassToTopology&gt;&lt;/workflow&gt;&lt;workflow&gt;&lt;AddRuleToTopology&gt;&lt;rule_type&gt;Must Not Intersect (Line)&lt;/rule_type&gt;&lt;in_featureclass&gt;E:\GIS_project\gx_project\gx\testtuopu.gdb\test&lt;/in_featureclass&gt;&lt;/AddRuleToTopology&gt;&lt;/workflow&gt;&lt;/operationSequence&gt;"</Process><Process ToolSource="d:\program files\arcgis\pro\Resources\ArcToolbox\toolboxes\Data Management Tools.tbx\UpdateSchema" Date="20201211" Time="170623">UpdateSchema E:\GIS_project\gx_project\gx\testtuopu.gdb\test "&lt;operationSequence&gt;&lt;workflow&gt;&lt;CreateTopology&gt;&lt;out_name&gt;test_Topology&lt;/out_name&gt;&lt;in_cluster_tolerance&gt;0.0010000000&lt;/in_cluster_tolerance&gt;&lt;/CreateTopology&gt;&lt;/workflow&gt;&lt;workflow&gt;&lt;AddFeatureClassToTopology&gt;&lt;in_featureclass&gt;E:\GIS_project\gx_project\gx\testtuopu.gdb\test&lt;/in_featureclass&gt;&lt;xy_rank&gt;1 &lt;/xy_rank&gt;&lt;z_rank&gt;1 &lt;/z_rank&gt;&lt;/AddFeatureClassToTopology&gt;&lt;/workflow&gt;&lt;workflow&gt;&lt;AddRuleToTopology&gt;&lt;rule_type&gt;Must Be Single Part (Line)&lt;/rule_type&gt;&lt;in_featureclass&gt;E:\GIS_project\gx_project\gx\testtuopu.gdb\test&lt;/in_featureclass&gt;&lt;/AddRuleToTopology&gt;&lt;/workflow&gt;&lt;workflow&gt;&lt;AddRuleToTopology&gt;&lt;rule_type&gt;Must Not Have Dangles (Line)&lt;/rule_type&gt;&lt;in_featureclass&gt;E:\GIS_project\gx_project\gx\testtuopu.gdb\test&lt;/in_featureclass&gt;&lt;/AddRuleToTopology&gt;&lt;/workflow&gt;&lt;workflow&gt;&lt;AddRuleToTopology&gt;&lt;rule_type&gt;Endpoint Must Be Covered By (Line-Point)&lt;/rule_type&gt;&lt;in_featureclass&gt;E:\GIS_project\gx_project\gx\testtuopu.gdb\test&lt;/in_featureclass&gt;&lt;/AddRuleToTopology&gt;&lt;/workflow&gt;&lt;/operationSequence&gt;"</Process><Process ToolSource="d:\program files\arcgis\pro\Resources\ArcToolbox\toolboxes\Data Management Tools.tbx\FeatureToPolygon" Date="20201211" Time="174822">FeatureToPolygon test E:\GIS_project\gx_project\gx\gx.gdb\test_FeatureToPolygon # ATTRIBUTES #</Process><Process ToolSource="d:\program files\arcgis\pro\Resources\ArcToolbox\toolboxes\Analysis Tools.tbx\SymDiff" Date="20201211" Time="185047">SymDiff test_FeatureToPolygon test_pl E:\GIS_project\gx_project\gx\gx.gdb\test_FeatureToPolygon_SymDif 所有属性 #</Process><Process ToolSource="d:\program files\arcgis\pro\Resources\ArcToolbox\toolboxes\Data Management Tools.tbx\CopyFeatures" Date="20201211" Time="185429">CopyFeatures test_FeatureToPolygon_SymDif E:\GIS_project\gx_project\gx\jianzao.gdb\gyd_road_pl # # # #</Process><Process ToolSource="d:\program files\arcgis\pro\Resources\ArcToolbox\toolboxes\Data Management Tools.tbx\CopyFeatures" Date="20201216" Time="175328">CopyFeatures gyd_road_pl E:\GIS_project\gx_project\gx\basedata.gdb\gyd_road_pl # # # #</Process><Process ToolSource="d:\program files\arcgis\pro\Resources\ArcToolbox\toolboxes\Data Management Tools.tbx\CopyFeatures" Date="20201216" Time="231559">CopyFeatures E:\GIS_project\gx_project\gx\basedata.gdb\gyd_road_pl C:\Users\51390\Desktop\gyd_basedata\gyd_road_pl.shp # # # #</Process><Process ToolSource="d:\program files\arcgis\pro\Resources\ArcToolbox\toolboxes\Data Management Tools.tbx\CopyFeatures" Date="20201222" Time="173040">CopyFeatures gyd_road_pl E:\GIS_project\gx_project\gx\gyd_basedata_20201222.gdb\gyd_road_pl # # # #</Process><Process ToolSource="d:\program files\arcgis\pro\Resources\ArcToolbox\toolboxes\Data Management Tools.tbx\CopyFeatures" Date="20201222" Time="173742">CopyFeatures E:\GIS_project\gx_project\gx\gyd_basedata_20201222.gdb\gyd_road_pl C:\Users\51390\Desktop\gyd_basedata_20201222\gyd_road_pl.shp # # # #</Process><Process ToolSource="d:\program files\arcgis\pro\Resources\ArcToolbox\toolboxes\Data Management Tools.tbx\CopyFeatures" Date="20201223" Time="160554">CopyFeatures gyd_road_pl E:\GIS_project\gx_project\gx\gyd_basedata_20201223.gdb\gyd_road_pl # # # #</Process><Process ToolSource="d:\arcgis10.6\desktop10.6\ArcToolbox\Toolboxes\Data Management Tools.tbx\PolygonToLine" Date="20210109" Time="135225">PolygonToLine Export_Output F:\重庆广阳岛\小班区划\LINE.shp IDENTIFY_NEIGHBORS</Process><Process ToolSource="d:\arcgis10.6\desktop10.6\ArcToolbox\Toolboxes\Data Management Tools.tbx\FeatureToPolygon" Date="20210109" Time="135347">FeatureToPolygon LINE F:\重庆广阳岛\小班区划\feture.shp # ATTRIBUTES #</Process><Process ToolSource="d:\arcgis10.6\desktop10.6\ArcToolbox\Toolboxes\Analysis Tools.tbx\Clip" Date="20210109" Time="135759">Clip feture New_Shapefile F:\重庆广阳岛\小班区划\feture_clip.shp #</Process><Process ToolSource="d:\arcgis10.6\desktop10.6\ArcToolbox\Toolboxes\Data Management Tools.tbx\CalculateField" Date="20210115" Time="120453">CalculateField 广阳营小班区划 XBLX "林" VB #</Process><Process ToolSource="d:\arcgis10.6\desktop10.6\ArcToolbox\Toolboxes\Data Management Tools.tbx\CalculateField" Date="20210115" Time="125020">CalculateField 广阳营小班区划 XBLX "林" VB #</Process><Process ToolSource="d:\arcgis10.6\desktop10.6\ArcToolbox\Toolboxes\Data Management Tools.tbx\CalculateField" Date="20210115" Time="125239">CalculateField 广阳营小班区划 XBLX "林" VB #</Process><Process ToolSource="c:\program files (x86)\arcgis\desktop10.8\ArcToolbox\Toolboxes\Data Management Tools.tbx\CalculateField" Date="20210115" Time="170336">CalculateField Export_Output X !shape.extent.Xmin! PYTHON_9.3 #</Process><Process ToolSource="c:\program files (x86)\arcgis\desktop10.8\ArcToolbox\Toolboxes\Data Management Tools.tbx\CalculateField" Date="20210115" Time="170352">CalculateField Export_Output Y !shape.extent.Ymax! PYTHON_9.3 #</Process><Process ToolSource="c:\program files (x86)\arcgis\desktop10.8\ArcToolbox\Toolboxes\Data Management Tools.tbx\Sort" Date="20210115" Time="170424">Sort Export_Output C:\Users\21\Documents\ArcGIS\Default.gdb\Export_Output_Sort "Y DESCENDING;X ASCENDING" UR</Process><Process ToolSource="c:\program files (x86)\arcgis\desktop10.8\ArcToolbox\Toolboxes\Data Management Tools.tbx\CalculateField" Date="20210115" Time="170514">CalculateField Export_Output_Sort 编号 (str(autoIncrement())).zfill(4) PYTHON_9.3 "rec=0\ndef autoIncrement():\n global rec\n pStart=1#初始值\n pInterval=1#间隔值\n if(rec==0):\n  rec=pStart\n else:\n  rec=rec+pInterval\n return rec\n"</Process><Process ToolSource="d:\arcgis10.6\desktop10.6\ArcToolbox\Toolboxes\Data Management Tools.tbx\CalculateField" Date="20210119" Time="111330">CalculateField 广阳营- GNQ "广阳营2期" VB #</Process><Process ToolSource="d:\arcgis10.6\desktop10.6\ArcToolbox\Toolboxes\Data Management Tools.tbx\CalculateField" Date="20210119" Time="111340">CalculateField 广阳营- BK "PT9-1" VB #</Process><Process ToolSource="d:\arcgis10.6\desktop10.6\ArcToolbox\Toolboxes\Data Management Tools.tbx\CalculateField" Date="20210121" Time="162838">CalculateField GYD-GNQ GNQBH [GNQHID] VB #</Process><Process ToolSource="d:\arcgis10.6\desktop10.6\ArcToolbox\Toolboxes\Data Management Tools.tbx\CalculateField" Date="20210121" Time="163730">CalculateField GYD-GNQ 111 [GNQMC] VB #</Process><Process ToolSource="d:\arcgis10.6\desktop10.6\ArcToolbox\Toolboxes\Data Management Tools.tbx\CalculateField" Date="20210121" Time="163816">CalculateField GYD-GNQ GNQMC [111] VB #</Process><Process ToolSource="e:\arcgis\desktop10.1\ArcToolbox\Toolboxes\Data Management Tools.tbx\Project" Date="20210204" Time="100618">Project gongnengqu C:\Users\Admin\Documents\ArcGIS\Default.gdb\gongnengqu_Project PROJCS['CGCS2000_3_Degree_GK_CM_108E',GEOGCS['GCS_China_Geodetic_Coordinate_System_2000',DATUM['D_China_2000',SPHEROID['CGCS2000',6378137.0,298.257222101]],PRIMEM['Greenwich',0.0],UNIT['Degree',0.0174532925199433]],PROJECTION['Gauss_Kruger'],PARAMETER['False_Easting',500000.0],PARAMETER['False_Northing',0.0],PARAMETER['Central_Meridian',108.0],PARAMETER['Scale_Factor',1.0],PARAMETER['Latitude_Of_Origin',0.0],UNIT['Meter',1.0]] # PROJCS['China_Geodetic_Coordinate_System_2000_Transverse_Mercator',GEOGCS['GCS_China_Geodetic_Coordinate_System_2000',DATUM['D_China_2000',SPHEROID['CGCS2000',6378137.0,298.257222101]],PRIMEM['Greenwich',0.0],UNIT['Degree',0.0174532925199433]],PROJECTION['Transverse_Mercator'],PARAMETER['false_easting',500000.0],PARAMETER['false_northing',0.0],PARAMETER['central_meridian',108.0],PARAMETER['scale_factor',1.0],PARAMETER['latitude_of_origin',0.0],UNIT['Meter',1.0]]</Process></lineage><coordRef><type Sync="TRUE">Projected</type><geogcsn Sync="TRUE">GCS_China_Geodetic_Coordinate_System_2000</geogcsn><csUnits Sync="TRUE">Linear Unit: Meter (1.000000)</csUnits><projcsn Sync="TRUE">China_Geodetic_Coordinate_System_2000_Transverse_Mercator</projcsn><peXml Sync="TRUE">&lt;ProjectedCoordinateSystem xsi:type='typens:ProjectedCoordinateSystem' xmlns:xsi='http://www.w3.org/2001/XMLSchema-instance' xmlns:xs='http://www.w3.org/2001/XMLSchema' xmlns:typens='http://www.esri.com/schemas/ArcGIS/10.7'&gt;&lt;WKT&gt;PROJCS[&amp;quot;China_Geodetic_Coordinate_System_2000_Transverse_Mercator&amp;quot;,GEOGCS[&amp;quot;GCS_China_Geodetic_Coordinate_System_2000&amp;quot;,DATUM[&amp;quot;D_China_2000&amp;quot;,SPHEROID[&amp;quot;CGCS2000&amp;quot;,6378137.0,298.257222101]],PRIMEM[&amp;quot;Greenwich&amp;quot;,0.0],UNIT[&amp;quot;Degree&amp;quot;,0.0174532925199433]],PROJECTION[&amp;quot;Transverse_Mercator&amp;quot;],PARAMETER[&amp;quot;false_easting&amp;quot;,500000.0],PARAMETER[&amp;quot;false_northing&amp;quot;,0.0],PARAMETER[&amp;quot;central_meridian&amp;quot;,108.0],PARAMETER[&amp;quot;scale_factor&amp;quot;,1.0],PARAMETER[&amp;quot;latitude_of_origin&amp;quot;,0.0],UNIT[&amp;quot;Meter&amp;quot;,1.0]]&lt;/WKT&gt;&lt;XOrigin&gt;-5123200&lt;/XOrigin&gt;&lt;YOrigin&gt;-10002100&lt;/YOrigin&gt;&lt;XYScale&gt;10000&lt;/XYScale&gt;&lt;ZOrigin&gt;-100000&lt;/ZOrigin&gt;&lt;ZScale&gt;10000&lt;/ZScale&gt;&lt;MOrigin&gt;-100000&lt;/MOrigin&gt;&lt;MScale&gt;10000&lt;/MScale&gt;&lt;XYTolerance&gt;0.001&lt;/XYTolerance&gt;&lt;ZTolerance&gt;0.001&lt;/ZTolerance&gt;&lt;MTolerance&gt;0.001&lt;/MTolerance&gt;&lt;HighPrecision&gt;true&lt;/HighPrecision&gt;&lt;/ProjectedCoordinateSystem&gt;</peXml></coordRef><copyHistory><copy source="E:\BCHTWWJ\gyd\gyd_basedata（最新数据）\gyd_basedata\数据修改\gyd_road_pl" dest="\\LAPTOP-5PTJIT6I\C$\Users\bochuang\Desktop\新建文件夹\gyd_road_pl" date="20201222" time="16574000"></copy></copyHistory></DataProperties><SyncDate>20210115</SyncDate><SyncTime>17042400</SyncTime><ModDate>20210115</ModDate><ModTime>17042400</ModTime></Esri><dataIdInfo><envirDesc Sync="TRUE"> Version 6.2 (Build 9200) ; Esri ArcGIS 10.8.0.12790</envirDesc><dataLang><languageCode value="zho" Sync="TRUE"></languageCode><countryCode value="CHN" Sync="TRUE"></countryCode></dataLang><idCitation><resTitle Sync="TRUE">Export_Output_Sort</resTitle><presForm><PresFormCd value="005" Sync="TRUE"></PresFormCd></presForm></idCitation><spatRpType><SpatRepTypCd value="001" Sync="TRUE"></SpatRepTypCd></spatRpType></dataIdInfo><mdLang><languageCode value="zho" Sync="TRUE"></languageCode><countryCode value="CHN" Sync="TRUE"></countryCode></mdLang><distInfo><distFormat><formatName Sync="TRUE">File Geodatabase Feature Class</formatName></distFormat><distTranOps><transSize Sync="TRUE">0.000</transSize></distTranOps></distInfo><mdHrLv><ScopeCd value="005" Sync="TRUE"></ScopeCd></mdHrLv><mdHrLvName Sync="TRUE">dataset</mdHrLvName><spatRepInfo><VectSpatRep><geometObjs Name="Export_Output_Sort"><geoObjTyp><GeoObjTypCd value="002" Sync="TRUE"></GeoObjTypCd></geoObjTyp><geoObjCnt Sync="TRUE">0</geoObjCnt></geometObjs><topLvl><TopoLevCd value="001" Sync="TRUE"></TopoLevCd></topLvl></VectSpatRep></spatRepInfo><spdoinfo><ptvctinf><esriterm Name="Export_Output_Sort"><efeatyp Sync="TRUE">Simple</efeatyp><efeageom code="4" Sync="TRUE"></efeageom><esritopo Sync="TRUE">FALSE</esritopo><efeacnt Sync="TRUE">0</efeacnt><spindex Sync="TRUE">TRUE</spindex><linrefer Sync="TRUE">TRUE</linrefer></esriterm></ptvctinf></spdoinfo><eainfo><detailed Name="Export_Output_Sort"><enttyp><enttypl Sync="TRUE">Export_Output_Sort</enttypl><enttypt Sync="TRUE">Feature Class</enttypt><enttypc Sync="TRUE">0</enttypc></enttyp><attr><attrlabl Sync="TRUE">OBJECTID</attrlabl><attalias Sync="TRUE">FID</attalias><attrtype Sync="TRUE">OID</attrtype><attwidth Sync="TRUE">4</attwidth><atprecis Sync="TRUE">0</atprecis><attscale Sync="TRUE">0</attscale><attrdef Sync="TRUE">Internal feature number.</attrdef><attrdefs Sync="TRUE">Esri</attrdefs><attrdomv><udom Sync="TRUE">Sequential unique whole numbers that are automatically generated.</udom></attrdomv></attr><attr><attrlabl Sync="TRUE">Shape</attrlabl><attalias Sync="TRUE">Shape</attalias><attrtype Sync="TRUE">Geometry</attrtype><attwidth Sync="TRUE">0</attwidth><atprecis Sync="TRUE">0</atprecis><attscale Sync="TRUE">0</attscale><attrdef Sync="TRUE">Feature geometry.</attrdef><attrdefs Sync="TRUE">Esri</attrdefs><attrdomv><udom Sync="TRUE">Coordinates defining the features.</udom></attrdomv></attr><attr><attrlabl Sync="TRUE">Id</attrlabl><attalias Sync="TRUE">Id</attalias><attrtype Sync="TRUE">Integer</attrtype><attwidth Sync="TRUE">4</attwidth><atprecis Sync="TRUE">0</atprecis><attscale Sync="TRUE">0</attscale></attr><attr><attrlabl Sync="TRUE">一级</attrlabl><attalias Sync="TRUE">一级</attalias><attrtype Sync="TRUE">String</attrtype><attwidth Sync="TRUE">50</attwidth><atprecis Sync="TRUE">0</atprecis><attscale Sync="TRUE">0</attscale></attr><attr><attrlabl Sync="TRUE">区号</attrlabl><attalias Sync="TRUE">区号</attalias><attrtype Sync="TRUE">String</attrtype><attwidth Sync="TRUE">50</attwidth><atprecis Sync="TRUE">0</atprecis><attscale Sync="TRUE">0</attscale></attr><attr><attrlabl Sync="TRUE">二级</attrlabl><attalias Sync="TRUE">二级</attalias><attrtype Sync="TRUE">String</attrtype><attwidth Sync="TRUE">50</attwidth><atprecis Sync="TRUE">0</atprecis><attscale Sync="TRUE">0</attscale></attr><attr><attrlabl Sync="TRUE">面积</attrlabl><attalias Sync="TRUE">面积</attalias><attrtype Sync="TRUE">Integer</attrtype><attwidth Sync="TRUE">4</attwidth><atprecis Sync="TRUE">0</atprecis><attscale Sync="TRUE">0</attscale></attr><attr><attrlabl Sync="TRUE">XBLX</attrlabl><attalias Sync="TRUE">XBLX</attalias><attrtype Sync="TRUE">String</attrtype><attwidth Sync="TRUE">50</attwidth><atprecis Sync="TRUE">0</atprecis><attscale Sync="TRUE">0</attscale></attr><attr><attrlabl Sync="TRUE">X</attrlabl><attalias Sync="TRUE">X</attalias><attrtype Sync="TRUE">Double</attrtype><attwidth Sync="TRUE">8</attwidth><atprecis Sync="TRUE">0</atprecis><attscale Sync="TRUE">0</attscale></attr><attr><attrlabl Sync="TRUE">Y</attrlabl><attalias Sync="TRUE">Y</attalias><attrtype Sync="TRUE">Double</attrtype><attwidth Sync="TRUE">8</attwidth><atprecis Sync="TRUE">0</atprecis><attscale Sync="TRUE">0</attscale></attr><attr><attrlabl Sync="TRUE">编号</attrlabl><attalias Sync="TRUE">编号</attalias><attrtype Sync="TRUE">String</attrtype><attwidth Sync="TRUE">50</attwidth><atprecis Sync="TRUE">0</atprecis><attscale Sync="TRUE">0</attscale></attr><attr><attrlabl Sync="TRUE">Shape_Length</attrlabl><attalias Sync="TRUE">Shape_Length</attalias><attrtype Sync="TRUE">Double</attrtype><attwidth Sync="TRUE">8</attwidth><atprecis Sync="TRUE">0</atprecis><attscale Sync="TRUE">0</attscale><attrdef Sync="TRUE">Length of feature in internal units.</attrdef><attrdefs Sync="TRUE">Esri</attrdefs><attrdomv><udom Sync="TRUE">Positive real numbers that are automatically generated.</udom></attrdomv></attr><attr><attrlabl Sync="TRUE">Shape_Area</attrlabl><attalias Sync="TRUE">Shape_Area</attalias><attrtype Sync="TRUE">Double</attrtype><attwidth Sync="TRUE">8</attwidth><atprecis Sync="TRUE">0</atprecis><attscale Sync="TRUE">0</attscale><attrdef Sync="TRUE">Area of feature in internal units squared.</attrdef><attrdefs Sync="TRUE">Esri</attrdefs><attrdomv><udom Sync="TRUE">Positive real numbers that are automatically generated.</udom></attrdomv></attr></detailed></eainfo><mdDateSt Sync="TRUE">20210115</mdDateSt><refSysInfo><RefSystem><refSysID><identCode code="0" Sync="TRUE"></identCode></refSysID></RefSystem></refSysInfo><mdChar><CharSetCd value="004" Sync="TRUE"></CharSetCd></mdChar></metadata>
