<?xml version="1.0" encoding="UTF-8"?>
<metadata xml:lang="zh"><Esri><CreaDate>20210204</CreaDate><CreaTime>10054000</CreaTime><ArcGISFormat>1.0</ArcGISFormat><SyncOnce>FALSE</SyncOnce><DataProperties><itemProps><itemName Sync="TRUE">bankuai</itemName><imsContentType Sync="TRUE">002</imsContentType><itemLocation><linkage Sync="TRUE">file://\\DESKTOP-E610JUC\C$\Users\ft\Desktop\全岛区划结果\全岛区划结果\面转线\bankuai.shp</linkage><protocol Sync="TRUE">Local Area Network</protocol></itemLocation><itemSize Sync="TRUE">0.000</itemSize></itemProps><lineage><Process ToolSource="d:\program files\arcgis\pro\Resources\ArcToolbox\toolboxes\Data Management Tools.tbx\CopyFeatures" Date="20201208" Time="150047">CopyFeatures daolu-Polyline E:\GIS_project\gx_project\gx\gx.gdb\gyd_road # # # #</Process><Process ToolSource="d:\program files\arcgis\pro\Resources\ArcToolbox\toolboxes\Data Management Tools.tbx\CopyFeatures" Date="20201208" Time="164536">CopyFeatures gyd_road E:\GIS_project\gx_project\gx\gx.gdb\gyd_road3 # # # #</Process><Process ToolSource="d:\program files\arcgis\pro\Resources\ArcToolbox\toolboxes\Data Management Tools.tbx\CopyFeatures" Date="20201211" Time="160005">CopyFeatures gyd_road3 E:\GIS_project\gx_project\gx\test.gdb\gyd_road # # # #</Process><Process ToolSource="d:\program files\arcgis\pro\Resources\ArcToolbox\toolboxes\Conversion Tools.tbx\FeatureClassToFeatureClass" Date="20201211" Time="165537">FeatureClassToFeatureClass gyd_road E:\GIS_project\gx_project\gx\testtuopu.gdb\test test # "Entity "Entity" true true false 16 Text 0 0,First,#,gyd_road,Entity,0,16;Layer "Layer" true true false 255 Text 0 0,First,#,gyd_road,Layer,0,255;LyrFrzn "LyrFrzn" true true false 2 Short 0 0,First,#,gyd_road,LyrFrzn,-1,-1;LyrOn "LyrOn" true true false 2 Short 0 0,First,#,gyd_road,LyrOn,-1,-1;Color "Color" true true false 2 Short 0 0,First,#,gyd_road,Color,-1,-1;Linetype "Linetype" true true false 255 Text 0 0,First,#,gyd_road,Linetype,0,255;Elevation "Elevation" true true false 8 Double 0 0,First,#,gyd_road,Elevation,-1,-1;LineWt "LineWt" true true false 2 Short 0 0,First,#,gyd_road,LineWt,-1,-1;RefName "RefName" true true false 255 Text 0 0,First,#,gyd_road,RefName,0,255;Shape_Length "Shape_Length" false true true 8 Double 0 0,First,#,gyd_road,Shape_Length,-1,-1" #</Process><Process ToolSource="d:\program files\arcgis\pro\Resources\ArcToolbox\toolboxes\Data Management Tools.tbx\UpdateSchema" Date="20201211" Time="165739">UpdateSchema E:\GIS_project\gx_project\gx\testtuopu.gdb\test "&lt;operationSequence&gt;&lt;workflow&gt;&lt;CreateTopology&gt;&lt;out_name&gt;test_Topology&lt;/out_name&gt;&lt;in_cluster_tolerance&gt;0.0010000000&lt;/in_cluster_tolerance&gt;&lt;/CreateTopology&gt;&lt;/workflow&gt;&lt;workflow&gt;&lt;AddFeatureClassToTopology&gt;&lt;in_featureclass&gt;E:\GIS_project\gx_project\gx\testtuopu.gdb\test&lt;/in_featureclass&gt;&lt;xy_rank&gt;1 &lt;/xy_rank&gt;&lt;z_rank&gt;1 &lt;/z_rank&gt;&lt;/AddFeatureClassToTopology&gt;&lt;/workflow&gt;&lt;workflow&gt;&lt;AddRuleToTopology&gt;&lt;rule_type&gt;Must Not Intersect (Line)&lt;/rule_type&gt;&lt;in_featureclass&gt;E:\GIS_project\gx_project\gx\testtuopu.gdb\test&lt;/in_featureclass&gt;&lt;/AddRuleToTopology&gt;&lt;/workflow&gt;&lt;/operationSequence&gt;"</Process><Process ToolSource="d:\program files\arcgis\pro\Resources\ArcToolbox\toolboxes\Data Management Tools.tbx\UpdateSchema" Date="20201211" Time="170623">UpdateSchema E:\GIS_project\gx_project\gx\testtuopu.gdb\test "&lt;operationSequence&gt;&lt;workflow&gt;&lt;CreateTopology&gt;&lt;out_name&gt;test_Topology&lt;/out_name&gt;&lt;in_cluster_tolerance&gt;0.0010000000&lt;/in_cluster_tolerance&gt;&lt;/CreateTopology&gt;&lt;/workflow&gt;&lt;workflow&gt;&lt;AddFeatureClassToTopology&gt;&lt;in_featureclass&gt;E:\GIS_project\gx_project\gx\testtuopu.gdb\test&lt;/in_featureclass&gt;&lt;xy_rank&gt;1 &lt;/xy_rank&gt;&lt;z_rank&gt;1 &lt;/z_rank&gt;&lt;/AddFeatureClassToTopology&gt;&lt;/workflow&gt;&lt;workflow&gt;&lt;AddRuleToTopology&gt;&lt;rule_type&gt;Must Be Single Part (Line)&lt;/rule_type&gt;&lt;in_featureclass&gt;E:\GIS_project\gx_project\gx\testtuopu.gdb\test&lt;/in_featureclass&gt;&lt;/AddRuleToTopology&gt;&lt;/workflow&gt;&lt;workflow&gt;&lt;AddRuleToTopology&gt;&lt;rule_type&gt;Must Not Have Dangles (Line)&lt;/rule_type&gt;&lt;in_featureclass&gt;E:\GIS_project\gx_project\gx\testtuopu.gdb\test&lt;/in_featureclass&gt;&lt;/AddRuleToTopology&gt;&lt;/workflow&gt;&lt;workflow&gt;&lt;AddRuleToTopology&gt;&lt;rule_type&gt;Endpoint Must Be Covered By (Line-Point)&lt;/rule_type&gt;&lt;in_featureclass&gt;E:\GIS_project\gx_project\gx\testtuopu.gdb\test&lt;/in_featureclass&gt;&lt;/AddRuleToTopology&gt;&lt;/workflow&gt;&lt;/operationSequence&gt;"</Process><Process ToolSource="d:\program files\arcgis\pro\Resources\ArcToolbox\toolboxes\Data Management Tools.tbx\FeatureToPolygon" Date="20201211" Time="174822">FeatureToPolygon test E:\GIS_project\gx_project\gx\gx.gdb\test_FeatureToPolygon # ATTRIBUTES #</Process><Process ToolSource="d:\program files\arcgis\pro\Resources\ArcToolbox\toolboxes\Analysis Tools.tbx\SymDiff" Date="20201211" Time="185047">SymDiff test_FeatureToPolygon test_pl E:\GIS_project\gx_project\gx\gx.gdb\test_FeatureToPolygon_SymDif 所有属性 #</Process><Process ToolSource="d:\program files\arcgis\pro\Resources\ArcToolbox\toolboxes\Data Management Tools.tbx\CopyFeatures" Date="20201211" Time="185429">CopyFeatures test_FeatureToPolygon_SymDif E:\GIS_project\gx_project\gx\jianzao.gdb\gyd_road_pl # # # #</Process><Process ToolSource="d:\program files\arcgis\pro\Resources\ArcToolbox\toolboxes\Data Management Tools.tbx\CopyFeatures" Date="20201216" Time="175328">CopyFeatures gyd_road_pl E:\GIS_project\gx_project\gx\basedata.gdb\gyd_road_pl # # # #</Process><Process ToolSource="d:\program files\arcgis\pro\Resources\ArcToolbox\toolboxes\Data Management Tools.tbx\CopyFeatures" Date="20201216" Time="231559">CopyFeatures E:\GIS_project\gx_project\gx\basedata.gdb\gyd_road_pl C:\Users\51390\Desktop\gyd_basedata\gyd_road_pl.shp # # # #</Process><Process ToolSource="d:\program files\arcgis\pro\Resources\ArcToolbox\toolboxes\Data Management Tools.tbx\CopyFeatures" Date="20201222" Time="173040">CopyFeatures gyd_road_pl E:\GIS_project\gx_project\gx\gyd_basedata_20201222.gdb\gyd_road_pl # # # #</Process><Process ToolSource="d:\program files\arcgis\pro\Resources\ArcToolbox\toolboxes\Data Management Tools.tbx\CopyFeatures" Date="20201222" Time="173742">CopyFeatures E:\GIS_project\gx_project\gx\gyd_basedata_20201222.gdb\gyd_road_pl C:\Users\51390\Desktop\gyd_basedata_20201222\gyd_road_pl.shp # # # #</Process><Process ToolSource="d:\program files\arcgis\pro\Resources\ArcToolbox\toolboxes\Data Management Tools.tbx\CopyFeatures" Date="20201223" Time="160554">CopyFeatures gyd_road_pl E:\GIS_project\gx_project\gx\gyd_basedata_20201223.gdb\gyd_road_pl # # # #</Process><Process ToolSource="d:\arcgis10.6\desktop10.6\ArcToolbox\Toolboxes\Data Management Tools.tbx\PolygonToLine" Date="20210109" Time="135225">PolygonToLine Export_Output F:\重庆广阳岛\小班区划\LINE.shp IDENTIFY_NEIGHBORS</Process><Process ToolSource="d:\arcgis10.6\desktop10.6\ArcToolbox\Toolboxes\Data Management Tools.tbx\FeatureToPolygon" Date="20210109" Time="135347">FeatureToPolygon LINE F:\重庆广阳岛\小班区划\feture.shp # ATTRIBUTES #</Process><Process ToolSource="d:\arcgis10.6\desktop10.6\ArcToolbox\Toolboxes\Analysis Tools.tbx\Clip" Date="20210109" Time="135759">Clip feture New_Shapefile F:\重庆广阳岛\小班区划\feture_clip.shp #</Process><Process ToolSource="d:\arcgis10.6\desktop10.6\ArcToolbox\Toolboxes\Data Management Tools.tbx\CalculateField" Date="20210115" Time="120453">CalculateField 广阳营小班区划 XBLX "林" VB #</Process><Process ToolSource="d:\arcgis10.6\desktop10.6\ArcToolbox\Toolboxes\Data Management Tools.tbx\CalculateField" Date="20210115" Time="125020">CalculateField 广阳营小班区划 XBLX "林" VB #</Process><Process ToolSource="d:\arcgis10.6\desktop10.6\ArcToolbox\Toolboxes\Data Management Tools.tbx\CalculateField" Date="20210115" Time="125239">CalculateField 广阳营小班区划 XBLX "林" VB #</Process><Process ToolSource="c:\program files (x86)\arcgis\desktop10.8\ArcToolbox\Toolboxes\Data Management Tools.tbx\CalculateField" Date="20210115" Time="170336">CalculateField Export_Output X !shape.extent.Xmin! PYTHON_9.3 #</Process><Process ToolSource="c:\program files (x86)\arcgis\desktop10.8\ArcToolbox\Toolboxes\Data Management Tools.tbx\CalculateField" Date="20210115" Time="170352">CalculateField Export_Output Y !shape.extent.Ymax! PYTHON_9.3 #</Process><Process ToolSource="c:\program files (x86)\arcgis\desktop10.8\ArcToolbox\Toolboxes\Data Management Tools.tbx\Sort" Date="20210115" Time="170424">Sort Export_Output C:\Users\21\Documents\ArcGIS\Default.gdb\Export_Output_Sort "Y DESCENDING;X ASCENDING" UR</Process><Process ToolSource="c:\program files (x86)\arcgis\desktop10.8\ArcToolbox\Toolboxes\Data Management Tools.tbx\CalculateField" Date="20210115" Time="170514">CalculateField Export_Output_Sort 编号 (str(autoIncrement())).zfill(4) PYTHON_9.3 "rec=0\ndef autoIncrement():\n global rec\n pStart=1#初始值\n pInterval=1#间隔值\n if(rec==0):\n  rec=pStart\n else:\n  rec=rec+pInterval\n return rec\n"</Process><Process ToolSource="d:\arcgis10.6\desktop10.6\ArcToolbox\Toolboxes\Data Management Tools.tbx\CalculateField" Date="20210119" Time="111330">CalculateField 广阳营- GNQ "广阳营2期" VB #</Process><Process ToolSource="d:\arcgis10.6\desktop10.6\ArcToolbox\Toolboxes\Data Management Tools.tbx\CalculateField" Date="20210119" Time="111340">CalculateField 广阳营- BK "PT9-1" VB #</Process><Process ToolSource="d:\arcgis10.6\desktop10.6\ArcToolbox\Toolboxes\Data Management Tools.tbx\CalculateField" Date="20210121" Time="160037">CalculateField GYD-BK BKMC_ [BKMC] VB #</Process><Process ToolSource="d:\program files (x86)\arcgis\desktop10.6\ArcToolbox\Toolboxes\Data Management Tools.tbx\Merge" Date="20210131" Time="132843">Merge G:\GYD\1-30\WHY\A1西岛头BK.shp;G:\GYD\1-30\WHY\A4内湾BK.shp;G:\GYD\1-30\WHY\P14西岛头生态修复区BK.shp;G:\GYD\1-30\WHY\P4岛民部落BK.shp;G:\GYD\1-30\WHY\P5好大一块田BK.shp;G:\GYD\1-30\WHY\P8胜利草场（萤火湖）BK.shp;G:\GYD\1-30\WHY\S1山地区（西部地块）BK.shp;G:\GYD\1-30\WHY\S3芭蕉溪、山茶溪地块BK.shp G:\GYD\1-30\BK\02GYDBK1.shp "GNQBH "GNQBH" true true false 50 Text 0 0 ,First,#,G:\GYD\1-30\WHY\A1西岛头BK.shp,GNQBH,-1,-1,G:\GYD\1-30\WHY\A4内湾BK.shp,GNQBH,-1,-1,G:\GYD\1-30\WHY\P14西岛头生态修复区BK.shp,GNQBH,-1,-1,G:\GYD\1-30\WHY\P4岛民部落BK.shp,GNQBH,-1,-1,G:\GYD\1-30\WHY\P5好大一块田BK.shp,GNQBH,-1,-1,G:\GYD\1-30\WHY\P8胜利草场（萤火湖）BK.shp,GNQBH,-1,-1,G:\GYD\1-30\WHY\S1山地区（西部地块）BK.shp,GNQBH,-1,-1,G:\GYD\1-30\WHY\S3芭蕉溪、山茶溪地块BK.shp,GNQBH,-1,-1;GNQHID "GNQHID" true true false 50 Text 0 0 ,First,#,G:\GYD\1-30\WHY\A1西岛头BK.shp,GNQHID,-1,-1,G:\GYD\1-30\WHY\A4内湾BK.shp,GNQHID,-1,-1,G:\GYD\1-30\WHY\P14西岛头生态修复区BK.shp,GNQHID,-1,-1,G:\GYD\1-30\WHY\P4岛民部落BK.shp,GNQHID,-1,-1,G:\GYD\1-30\WHY\P5好大一块田BK.shp,GNQHID,-1,-1,G:\GYD\1-30\WHY\P8胜利草场（萤火湖）BK.shp,GNQHID,-1,-1,G:\GYD\1-30\WHY\S1山地区（西部地块）BK.shp,GNQHID,-1,-1,G:\GYD\1-30\WHY\S3芭蕉溪、山茶溪地块BK.shp,GNQHID,-1,-1;BKLX "BKLX" true true false 50 Text 0 0 ,First,#,G:\GYD\1-30\WHY\A1西岛头BK.shp,BKLX,-1,-1,G:\GYD\1-30\WHY\A4内湾BK.shp,BKLX,-1,-1,G:\GYD\1-30\WHY\P14西岛头生态修复区BK.shp,BKLX,-1,-1,G:\GYD\1-30\WHY\P4岛民部落BK.shp,BKLX,-1,-1,G:\GYD\1-30\WHY\P5好大一块田BK.shp,BKLX,-1,-1,G:\GYD\1-30\WHY\P8胜利草场（萤火湖）BK.shp,BKLX,-1,-1,G:\GYD\1-30\WHY\S1山地区（西部地块）BK.shp,BKLX,-1,-1,G:\GYD\1-30\WHY\S3芭蕉溪、山茶溪地块BK.shp,BKLX,-1,-1;BKMS "BKMS" true true false 50 Text 0 0 ,First,#,G:\GYD\1-30\WHY\A1西岛头BK.shp,BKMS,-1,-1,G:\GYD\1-30\WHY\A4内湾BK.shp,BKMS,-1,-1,G:\GYD\1-30\WHY\P14西岛头生态修复区BK.shp,BKMS,-1,-1,G:\GYD\1-30\WHY\P4岛民部落BK.shp,BKMS,-1,-1,G:\GYD\1-30\WHY\P5好大一块田BK.shp,BKMS,-1,-1,G:\GYD\1-30\WHY\P8胜利草场（萤火湖）BK.shp,BKMS,-1,-1,G:\GYD\1-30\WHY\S1山地区（西部地块）BK.shp,BKMS,-1,-1,G:\GYD\1-30\WHY\S3芭蕉溪、山茶溪地块BK.shp,BKMS,-1,-1;BKMJ "BKMJ" true true false 50 Text 0 0 ,First,#,G:\GYD\1-30\WHY\A1西岛头BK.shp,BKMJ,-1,-1,G:\GYD\1-30\WHY\A4内湾BK.shp,BKMJ,-1,-1,G:\GYD\1-30\WHY\P14西岛头生态修复区BK.shp,BKMJ,-1,-1,G:\GYD\1-30\WHY\P4岛民部落BK.shp,BKMJ,-1,-1,G:\GYD\1-30\WHY\P5好大一块田BK.shp,BKMJ,-1,-1,G:\GYD\1-30\WHY\P8胜利草场（萤火湖）BK.shp,BKMJ,-1,-1,G:\GYD\1-30\WHY\S1山地区（西部地块）BK.shp,BKMJ,-1,-1,G:\GYD\1-30\WHY\S3芭蕉溪、山茶溪地块BK.shp,BKMJ,-1,-1;BKMC_ "BKMC_" true true false 100 Text 0 0 ,First,#,G:\GYD\1-30\WHY\A1西岛头BK.shp,BKMC_,-1,-1,G:\GYD\1-30\WHY\A4内湾BK.shp,BKMC_,-1,-1,G:\GYD\1-30\WHY\P14西岛头生态修复区BK.shp,BKMC_,-1,-1,G:\GYD\1-30\WHY\P4岛民部落BK.shp,BKMC_,-1,-1,G:\GYD\1-30\WHY\P5好大一块田BK.shp,BKMC_,-1,-1,G:\GYD\1-30\WHY\P8胜利草场（萤火湖）BK.shp,BKMC_,-1,-1,G:\GYD\1-30\WHY\S1山地区（西部地块）BK.shp,BKMC_,-1,-1,G:\GYD\1-30\WHY\S3芭蕉溪、山茶溪地块BK.shp,BKMC_,-1,-1;Id "Id" true true false 10 Long 0 10 ,First,#,G:\GYD\1-30\WHY\A1西岛头BK.shp,Id,-1,-1,G:\GYD\1-30\WHY\A4内湾BK.shp,Id,-1,-1,G:\GYD\1-30\WHY\P14西岛头生态修复区BK.shp,Id,-1,-1,G:\GYD\1-30\WHY\P4岛民部落BK.shp,Id,-1,-1,G:\GYD\1-30\WHY\P5好大一块田BK.shp,Id,-1,-1,G:\GYD\1-30\WHY\P8胜利草场（萤火湖）BK.shp,Id,-1,-1,G:\GYD\1-30\WHY\S1山地区（西部地块）BK.shp,Id,-1,-1,G:\GYD\1-30\WHY\S3芭蕉溪、山茶溪地块BK.shp,Id,-1,-1"</Process><Process ToolSource="d:\program files (x86)\arcgis\desktop10.6\ArcToolbox\Toolboxes\Data Management Tools.tbx\CalculateField" Date="20210201" Time="071703">CalculateField 全岛斑块区划 BKMC [BKMC_] VB #</Process><Process ToolSource="d:\program files (x86)\arcgis\desktop10.6\ArcToolbox\Toolboxes\Data Management Tools.tbx\CalculateField" Date="20210202" Time="003218">CalculateField 全岛斑块区划 BKMC "西岛头" VB #</Process><Process ToolSource="d:\program files (x86)\arcgis\desktop10.6\ArcToolbox\Toolboxes\Data Management Tools.tbx\CalculateField" Date="20210203" Time="120002">CalculateField 斑块区划 BKMC "兔儿坪" VB #</Process><Process ToolSource="e:\arcgis\desktop10.1\ArcToolbox\Toolboxes\Data Management Tools.tbx\Project" Date="20210204" Time="100456">Project bankuai C:\Users\Admin\Documents\ArcGIS\Default.gdb\bankuai_Project PROJCS['CGCS2000_3_Degree_GK_CM_108E',GEOGCS['GCS_China_Geodetic_Coordinate_System_2000',DATUM['D_China_2000',SPHEROID['CGCS2000',6378137.0,298.257222101]],PRIMEM['Greenwich',0.0],UNIT['Degree',0.0174532925199433]],PROJECTION['Gauss_Kruger'],PARAMETER['False_Easting',500000.0],PARAMETER['False_Northing',0.0],PARAMETER['Central_Meridian',108.0],PARAMETER['Scale_Factor',1.0],PARAMETER['Latitude_Of_Origin',0.0],UNIT['Meter',1.0]] # PROJCS['China_Geodetic_Coordinate_System_2000_Transverse_Mercator',GEOGCS['GCS_China_Geodetic_Coordinate_System_2000',DATUM['D_China_2000',SPHEROID['CGCS2000',6378137.0,298.257222101]],PRIMEM['Greenwich',0.0],UNIT['Degree',0.0174532925199433]],PROJECTION['Transverse_Mercator'],PARAMETER['false_easting',500000.0],PARAMETER['false_northing',0.0],PARAMETER['central_meridian',108.0],PARAMETER['scale_factor',1.0],PARAMETER['latitude_of_origin',0.0],UNIT['Meter',1.0]]</Process><Process ToolSource="c:\program files (x86)\arcgis\desktop10.1\ArcToolbox\Toolboxes\Data Management Tools.tbx\PolygonToLine" Date="20210301" Time="164702">PolygonToLine bankuai C:\Users\ft\Desktop\全岛区划结果\全岛区划结果\面转线\bankuai.shp IDENTIFY_NEIGHBORS</Process></lineage><coordRef><type Sync="TRUE">Projected</type><geogcsn Sync="TRUE">GCS_China_Geodetic_Coordinate_System_2000</geogcsn><csUnits Sync="TRUE">Linear Unit: Meter (1.000000)</csUnits><projcsn Sync="TRUE">CGCS2000_3_Degree_GK_CM_108E</projcsn><peXml Sync="TRUE">&lt;ProjectedCoordinateSystem xsi:type='typens:ProjectedCoordinateSystem' xmlns:xsi='http://www.w3.org/2001/XMLSchema-instance' xmlns:xs='http://www.w3.org/2001/XMLSchema' xmlns:typens='http://www.esri.com/schemas/ArcGIS/10.1'&gt;&lt;WKT&gt;PROJCS[&amp;quot;CGCS2000_3_Degree_GK_CM_108E&amp;quot;,GEOGCS[&amp;quot;GCS_China_Geodetic_Coordinate_System_2000&amp;quot;,DATUM[&amp;quot;D_China_2000&amp;quot;,SPHEROID[&amp;quot;CGCS2000&amp;quot;,6378137.0,298.257222101]],PRIMEM[&amp;quot;Greenwich&amp;quot;,0.0],UNIT[&amp;quot;Degree&amp;quot;,0.0174532925199433]],PROJECTION[&amp;quot;Gauss_Kruger&amp;quot;],PARAMETER[&amp;quot;False_Easting&amp;quot;,500000.0],PARAMETER[&amp;quot;False_Northing&amp;quot;,0.0],PARAMETER[&amp;quot;Central_Meridian&amp;quot;,108.0],PARAMETER[&amp;quot;Scale_Factor&amp;quot;,1.0],PARAMETER[&amp;quot;Latitude_Of_Origin&amp;quot;,0.0],UNIT[&amp;quot;Meter&amp;quot;,1.0],AUTHORITY[&amp;quot;EPSG&amp;quot;,4545]]&lt;/WKT&gt;&lt;XOrigin&gt;-5123200&lt;/XOrigin&gt;&lt;YOrigin&gt;-10002100&lt;/YOrigin&gt;&lt;XYScale&gt;450265407.00157917&lt;/XYScale&gt;&lt;ZOrigin&gt;-100000&lt;/ZOrigin&gt;&lt;ZScale&gt;10000&lt;/ZScale&gt;&lt;MOrigin&gt;-100000&lt;/MOrigin&gt;&lt;MScale&gt;10000&lt;/MScale&gt;&lt;XYTolerance&gt;0.001&lt;/XYTolerance&gt;&lt;ZTolerance&gt;0.001&lt;/ZTolerance&gt;&lt;MTolerance&gt;0.001&lt;/MTolerance&gt;&lt;HighPrecision&gt;true&lt;/HighPrecision&gt;&lt;WKID&gt;4545&lt;/WKID&gt;&lt;LatestWKID&gt;4545&lt;/LatestWKID&gt;&lt;/ProjectedCoordinateSystem&gt;</peXml></coordRef><copyHistory><copy source="E:\BCHTWWJ\gyd\gyd_basedata（最新数据）\gyd_basedata\数据修改\gyd_road_pl" dest="\\LAPTOP-5PTJIT6I\C$\Users\bochuang\Desktop\新建文件夹\gyd_road_pl" date="20201222" time="16574000"></copy></copyHistory></DataProperties><SyncDate>20210301</SyncDate><SyncTime>16470100</SyncTime><ModDate>20210301</ModDate><ModTime>16470100</ModTime></Esri><dataIdInfo><envirDesc Sync="TRUE"> Version 6.2 (Build 9200) ; Esri ArcGIS 10.1.0.3035</envirDesc><dataLang><languageCode value="zho" Sync="TRUE"></languageCode><countryCode value="CHN" Sync="TRUE"></countryCode></dataLang><idCitation><resTitle Sync="TRUE">bankuai</resTitle><presForm><PresFormCd value="005" Sync="TRUE"></PresFormCd></presForm></idCitation><spatRpType><SpatRepTypCd value="001" Sync="TRUE"></SpatRepTypCd></spatRpType></dataIdInfo><mdLang><languageCode value="zho" Sync="TRUE"></languageCode><countryCode value="CHN" Sync="TRUE"></countryCode></mdLang><distInfo><distFormat><formatName Sync="TRUE">Shapefile</formatName></distFormat><distTranOps><transSize Sync="TRUE">0.000</transSize></distTranOps></distInfo><mdHrLv><ScopeCd value="005" Sync="TRUE"></ScopeCd></mdHrLv><mdHrLvName Sync="TRUE">dataset</mdHrLvName><spatRepInfo><VectSpatRep><geometObjs Name="bankuai"><geoObjTyp><GeoObjTypCd value="002" Sync="TRUE"></GeoObjTypCd></geoObjTyp><geoObjCnt Sync="TRUE">0</geoObjCnt></geometObjs><topLvl><TopoLevCd value="001" Sync="TRUE"></TopoLevCd></topLvl></VectSpatRep></spatRepInfo><spdoinfo><ptvctinf><esriterm Name="bankuai"><efeatyp Sync="TRUE">Simple</efeatyp><efeageom code="3" Sync="TRUE"></efeageom><esritopo Sync="TRUE">FALSE</esritopo><efeacnt Sync="TRUE">0</efeacnt><spindex Sync="TRUE">FALSE</spindex><linrefer Sync="TRUE">TRUE</linrefer></esriterm></ptvctinf></spdoinfo><eainfo><detailed Name="bankuai"><enttyp><enttypl Sync="TRUE">bankuai</enttypl><enttypt Sync="TRUE">Feature Class</enttypt><enttypc Sync="TRUE">0</enttypc></enttyp><attr><attrlabl Sync="TRUE">FID</attrlabl><attalias Sync="TRUE">FID</attalias><attrtype Sync="TRUE">OID</attrtype><attwidth Sync="TRUE">4</attwidth><atprecis Sync="TRUE">0</atprecis><attscale Sync="TRUE">0</attscale><attrdef Sync="TRUE">Internal feature number.</attrdef><attrdefs Sync="TRUE">Esri</attrdefs><attrdomv><udom Sync="TRUE">Sequential unique whole numbers that are automatically generated.</udom></attrdomv></attr><attr><attrlabl Sync="TRUE">Shape</attrlabl><attalias Sync="TRUE">Shape</attalias><attrtype Sync="TRUE">Geometry</attrtype><attwidth Sync="TRUE">0</attwidth><atprecis Sync="TRUE">0</atprecis><attscale Sync="TRUE">0</attscale><attrdef Sync="TRUE">Feature geometry.</attrdef><attrdefs Sync="TRUE">Esri</attrdefs><attrdomv><udom Sync="TRUE">Coordinates defining the features.</udom></attrdomv></attr><attr><attrlabl Sync="TRUE">LEFT_FID</attrlabl><attalias Sync="TRUE">LEFT_FID</attalias><attrtype Sync="TRUE">Integer</attrtype><attwidth Sync="TRUE">9</attwidth><atprecis Sync="TRUE">9</atprecis><attscale Sync="TRUE">0</attscale></attr><attr><attrlabl Sync="TRUE">RIGHT_FID</attrlabl><attalias Sync="TRUE">RIGHT_FID</attalias><attrtype Sync="TRUE">Integer</attrtype><attwidth Sync="TRUE">9</attwidth><atprecis Sync="TRUE">9</atprecis><attscale Sync="TRUE">0</attscale></attr></detailed></eainfo><mdDateSt Sync="TRUE">20210301</mdDateSt><refSysInfo><RefSystem><refSysID><identCode code="0" Sync="TRUE" value="4545"></identCode><idCodeSpace Sync="TRUE">EPSG</idCodeSpace><idVersion Sync="TRUE">7.9.4</idVersion></refSysID></RefSystem></refSysInfo><mdChar><CharSetCd value="004" Sync="TRUE"></CharSetCd></mdChar></metadata>
