<?xml version="1.0" encoding="UTF-8"?>
<metadata xml:lang="zh"><Esri><CreaDate>20210202</CreaDate><CreaTime>12084300</CreaTime><ArcGISFormat>1.0</ArcGISFormat><SyncOnce>FALSE</SyncOnce><DataProperties><itemProps><itemName Sync="TRUE">全岛小班区划（2改）</itemName><imsContentType Sync="TRUE">002</imsContentType><itemLocation><linkage Sync="TRUE">file://\\DESKTOP-INV584U\G$\GYD\1-30\全岛区划结果\全岛小班区划（2改）.shp</linkage><protocol Sync="TRUE">Local Area Network</protocol></itemLocation><itemSize Sync="TRUE">0.000</itemSize></itemProps><lineage><Process ToolSource="d:\program files\arcgis\pro\Resources\ArcToolbox\toolboxes\Data Management Tools.tbx\CopyFeatures" Date="20201208" Time="150047">CopyFeatures daolu-Polyline E:\GIS_project\gx_project\gx\gx.gdb\gyd_road # # # #</Process><Process ToolSource="d:\program files\arcgis\pro\Resources\ArcToolbox\toolboxes\Data Management Tools.tbx\CopyFeatures" Date="20201208" Time="164536">CopyFeatures gyd_road E:\GIS_project\gx_project\gx\gx.gdb\gyd_road3 # # # #</Process><Process ToolSource="d:\program files\arcgis\pro\Resources\ArcToolbox\toolboxes\Data Management Tools.tbx\CopyFeatures" Date="20201211" Time="160005">CopyFeatures gyd_road3 E:\GIS_project\gx_project\gx\test.gdb\gyd_road # # # #</Process><Process ToolSource="d:\program files\arcgis\pro\Resources\ArcToolbox\toolboxes\Conversion Tools.tbx\FeatureClassToFeatureClass" Date="20201211" Time="165537">FeatureClassToFeatureClass gyd_road E:\GIS_project\gx_project\gx\testtuopu.gdb\test test # "Entity "Entity" true true false 16 Text 0 0,First,#,gyd_road,Entity,0,16;Layer "Layer" true true false 255 Text 0 0,First,#,gyd_road,Layer,0,255;LyrFrzn "LyrFrzn" true true false 2 Short 0 0,First,#,gyd_road,LyrFrzn,-1,-1;LyrOn "LyrOn" true true false 2 Short 0 0,First,#,gyd_road,LyrOn,-1,-1;Color "Color" true true false 2 Short 0 0,First,#,gyd_road,Color,-1,-1;Linetype "Linetype" true true false 255 Text 0 0,First,#,gyd_road,Linetype,0,255;Elevation "Elevation" true true false 8 Double 0 0,First,#,gyd_road,Elevation,-1,-1;LineWt "LineWt" true true false 2 Short 0 0,First,#,gyd_road,LineWt,-1,-1;RefName "RefName" true true false 255 Text 0 0,First,#,gyd_road,RefName,0,255;Shape_Length "Shape_Length" false true true 8 Double 0 0,First,#,gyd_road,Shape_Length,-1,-1" #</Process><Process ToolSource="d:\program files\arcgis\pro\Resources\ArcToolbox\toolboxes\Data Management Tools.tbx\UpdateSchema" Date="20201211" Time="165739">UpdateSchema E:\GIS_project\gx_project\gx\testtuopu.gdb\test "&lt;operationSequence&gt;&lt;workflow&gt;&lt;CreateTopology&gt;&lt;out_name&gt;test_Topology&lt;/out_name&gt;&lt;in_cluster_tolerance&gt;0.0010000000&lt;/in_cluster_tolerance&gt;&lt;/CreateTopology&gt;&lt;/workflow&gt;&lt;workflow&gt;&lt;AddFeatureClassToTopology&gt;&lt;in_featureclass&gt;E:\GIS_project\gx_project\gx\testtuopu.gdb\test&lt;/in_featureclass&gt;&lt;xy_rank&gt;1 &lt;/xy_rank&gt;&lt;z_rank&gt;1 &lt;/z_rank&gt;&lt;/AddFeatureClassToTopology&gt;&lt;/workflow&gt;&lt;workflow&gt;&lt;AddRuleToTopology&gt;&lt;rule_type&gt;Must Not Intersect (Line)&lt;/rule_type&gt;&lt;in_featureclass&gt;E:\GIS_project\gx_project\gx\testtuopu.gdb\test&lt;/in_featureclass&gt;&lt;/AddRuleToTopology&gt;&lt;/workflow&gt;&lt;/operationSequence&gt;"</Process><Process ToolSource="d:\program files\arcgis\pro\Resources\ArcToolbox\toolboxes\Data Management Tools.tbx\UpdateSchema" Date="20201211" Time="170623">UpdateSchema E:\GIS_project\gx_project\gx\testtuopu.gdb\test "&lt;operationSequence&gt;&lt;workflow&gt;&lt;CreateTopology&gt;&lt;out_name&gt;test_Topology&lt;/out_name&gt;&lt;in_cluster_tolerance&gt;0.0010000000&lt;/in_cluster_tolerance&gt;&lt;/CreateTopology&gt;&lt;/workflow&gt;&lt;workflow&gt;&lt;AddFeatureClassToTopology&gt;&lt;in_featureclass&gt;E:\GIS_project\gx_project\gx\testtuopu.gdb\test&lt;/in_featureclass&gt;&lt;xy_rank&gt;1 &lt;/xy_rank&gt;&lt;z_rank&gt;1 &lt;/z_rank&gt;&lt;/AddFeatureClassToTopology&gt;&lt;/workflow&gt;&lt;workflow&gt;&lt;AddRuleToTopology&gt;&lt;rule_type&gt;Must Be Single Part (Line)&lt;/rule_type&gt;&lt;in_featureclass&gt;E:\GIS_project\gx_project\gx\testtuopu.gdb\test&lt;/in_featureclass&gt;&lt;/AddRuleToTopology&gt;&lt;/workflow&gt;&lt;workflow&gt;&lt;AddRuleToTopology&gt;&lt;rule_type&gt;Must Not Have Dangles (Line)&lt;/rule_type&gt;&lt;in_featureclass&gt;E:\GIS_project\gx_project\gx\testtuopu.gdb\test&lt;/in_featureclass&gt;&lt;/AddRuleToTopology&gt;&lt;/workflow&gt;&lt;workflow&gt;&lt;AddRuleToTopology&gt;&lt;rule_type&gt;Endpoint Must Be Covered By (Line-Point)&lt;/rule_type&gt;&lt;in_featureclass&gt;E:\GIS_project\gx_project\gx\testtuopu.gdb\test&lt;/in_featureclass&gt;&lt;/AddRuleToTopology&gt;&lt;/workflow&gt;&lt;/operationSequence&gt;"</Process><Process ToolSource="d:\program files\arcgis\pro\Resources\ArcToolbox\toolboxes\Data Management Tools.tbx\FeatureToPolygon" Date="20201211" Time="174822">FeatureToPolygon test E:\GIS_project\gx_project\gx\gx.gdb\test_FeatureToPolygon # ATTRIBUTES #</Process><Process ToolSource="d:\program files\arcgis\pro\Resources\ArcToolbox\toolboxes\Analysis Tools.tbx\SymDiff" Date="20201211" Time="185047">SymDiff test_FeatureToPolygon test_pl E:\GIS_project\gx_project\gx\gx.gdb\test_FeatureToPolygon_SymDif 所有属性 #</Process><Process ToolSource="d:\program files\arcgis\pro\Resources\ArcToolbox\toolboxes\Data Management Tools.tbx\CopyFeatures" Date="20201211" Time="185429">CopyFeatures test_FeatureToPolygon_SymDif E:\GIS_project\gx_project\gx\jianzao.gdb\gyd_road_pl # # # #</Process><Process ToolSource="d:\program files\arcgis\pro\Resources\ArcToolbox\toolboxes\Data Management Tools.tbx\CopyFeatures" Date="20201216" Time="175328">CopyFeatures gyd_road_pl E:\GIS_project\gx_project\gx\basedata.gdb\gyd_road_pl # # # #</Process><Process ToolSource="d:\program files\arcgis\pro\Resources\ArcToolbox\toolboxes\Data Management Tools.tbx\CopyFeatures" Date="20201216" Time="231559">CopyFeatures E:\GIS_project\gx_project\gx\basedata.gdb\gyd_road_pl C:\Users\51390\Desktop\gyd_basedata\gyd_road_pl.shp # # # #</Process><Process ToolSource="d:\program files\arcgis\pro\Resources\ArcToolbox\toolboxes\Data Management Tools.tbx\CopyFeatures" Date="20201222" Time="173040">CopyFeatures gyd_road_pl E:\GIS_project\gx_project\gx\gyd_basedata_20201222.gdb\gyd_road_pl # # # #</Process><Process ToolSource="d:\program files\arcgis\pro\Resources\ArcToolbox\toolboxes\Data Management Tools.tbx\CopyFeatures" Date="20201222" Time="173742">CopyFeatures E:\GIS_project\gx_project\gx\gyd_basedata_20201222.gdb\gyd_road_pl C:\Users\51390\Desktop\gyd_basedata_20201222\gyd_road_pl.shp # # # #</Process><Process ToolSource="d:\program files\arcgis\pro\Resources\ArcToolbox\toolboxes\Data Management Tools.tbx\CopyFeatures" Date="20201223" Time="160554">CopyFeatures gyd_road_pl E:\GIS_project\gx_project\gx\gyd_basedata_20201223.gdb\gyd_road_pl # # # #</Process><Process ToolSource="d:\arcgis10.6\desktop10.6\ArcToolbox\Toolboxes\Data Management Tools.tbx\PolygonToLine" Date="20210109" Time="135225">PolygonToLine Export_Output F:\重庆广阳岛\小班区划\LINE.shp IDENTIFY_NEIGHBORS</Process><Process ToolSource="d:\arcgis10.6\desktop10.6\ArcToolbox\Toolboxes\Data Management Tools.tbx\FeatureToPolygon" Date="20210109" Time="135347">FeatureToPolygon LINE F:\重庆广阳岛\小班区划\feture.shp # ATTRIBUTES #</Process><Process ToolSource="d:\arcgis10.6\desktop10.6\ArcToolbox\Toolboxes\Analysis Tools.tbx\Clip" Date="20210109" Time="135759">Clip feture New_Shapefile F:\重庆广阳岛\小班区划\feture_clip.shp #</Process><Process ToolSource="d:\arcgis10.6\desktop10.6\ArcToolbox\Toolboxes\Data Management Tools.tbx\CalculateField" Date="20210115" Time="120453">CalculateField 广阳营小班区划 XBLX "林" VB #</Process><Process ToolSource="d:\arcgis10.6\desktop10.6\ArcToolbox\Toolboxes\Data Management Tools.tbx\CalculateField" Date="20210115" Time="125020">CalculateField 广阳营小班区划 XBLX "林" VB #</Process><Process ToolSource="d:\arcgis10.6\desktop10.6\ArcToolbox\Toolboxes\Data Management Tools.tbx\CalculateField" Date="20210115" Time="125239">CalculateField 广阳营小班区划 XBLX "林" VB #</Process><Process ToolSource="c:\program files (x86)\arcgis\desktop10.8\ArcToolbox\Toolboxes\Data Management Tools.tbx\CalculateField" Date="20210115" Time="170336">CalculateField Export_Output X !shape.extent.Xmin! PYTHON_9.3 #</Process><Process ToolSource="c:\program files (x86)\arcgis\desktop10.8\ArcToolbox\Toolboxes\Data Management Tools.tbx\CalculateField" Date="20210115" Time="170352">CalculateField Export_Output Y !shape.extent.Ymax! PYTHON_9.3 #</Process><Process ToolSource="c:\program files (x86)\arcgis\desktop10.8\ArcToolbox\Toolboxes\Data Management Tools.tbx\Sort" Date="20210115" Time="170424">Sort Export_Output C:\Users\21\Documents\ArcGIS\Default.gdb\Export_Output_Sort "Y DESCENDING;X ASCENDING" UR</Process><Process ToolSource="c:\program files (x86)\arcgis\desktop10.8\ArcToolbox\Toolboxes\Data Management Tools.tbx\CalculateField" Date="20210115" Time="170514">CalculateField Export_Output_Sort 编号 (str(autoIncrement())).zfill(4) PYTHON_9.3 "rec=0\ndef autoIncrement():\n global rec\n pStart=1#初始值\n pInterval=1#间隔值\n if(rec==0):\n  rec=pStart\n else:\n  rec=rec+pInterval\n return rec\n"</Process><Process ToolSource="d:\arcgis10.6\desktop10.6\ArcToolbox\Toolboxes\Data Management Tools.tbx\CalculateField" Date="20210119" Time="111330">CalculateField 广阳营- GNQ "广阳营2期" VB #</Process><Process ToolSource="d:\arcgis10.6\desktop10.6\ArcToolbox\Toolboxes\Data Management Tools.tbx\CalculateField" Date="20210119" Time="111340">CalculateField 广阳营- BK "PT9-1" VB #</Process><Process ToolSource="d:\arcgis10.6\desktop10.6\ArcToolbox\Toolboxes\Data Management Tools.tbx\CalculateField" Date="20210121" Time="162838">CalculateField GYD-GNQ GNQBH [GNQHID] VB #</Process><Process ToolSource="d:\arcgis10.6\desktop10.6\ArcToolbox\Toolboxes\Data Management Tools.tbx\CalculateField" Date="20210121" Time="163730">CalculateField GYD-GNQ 111 [GNQMC] VB #</Process><Process ToolSource="d:\arcgis10.6\desktop10.6\ArcToolbox\Toolboxes\Data Management Tools.tbx\CalculateField" Date="20210121" Time="163816">CalculateField GYD-GNQ GNQMC [111] VB #</Process><Process ToolSource="d:\program files (x86)\arcgis\desktop10.6\ArcToolbox\Toolboxes\Data Management Tools.tbx\Merge" Date="20210201" Time="034450">Merge G:\GYD\1-30\draft\苏勇\小班区划\A2.shp;G:\GYD\1-30\draft\苏勇\小班区划\A3.shp;G:\GYD\1-30\draft\苏勇\小班区划\P10.shp;G:\GYD\1-30\draft\苏勇\小班区划\P13_1.shp;G:\GYD\1-30\draft\苏勇\小班区划\P13_2.shp;G:\GYD\1-30\draft\苏勇\小班区划\P13_3.shp;G:\GYD\1-30\draft\苏勇\小班区划\P2.shp;G:\GYD\1-30\draft\苏勇\小班区划\S4.shp;G:\GYD\1-30\draft\苏勇\小班区划\S5.shp;G:\GYD\1-30\draft\苏勇\小班区划\S6.shp;G:\GYD\1-30\draft\苏勇\小班区划\S7.shp G:\GYD\1-30\SY_XB\SYXB.shp "XBLX "XBLX" true true false 50 Text 0 0 ,First,#,G:\GYD\1-30\draft\苏勇\小班区划\A2.shp,XBLX,-1,-1,G:\GYD\1-30\draft\苏勇\小班区划\A3.shp,XBLX,-1,-1,G:\GYD\1-30\draft\苏勇\小班区划\P10.shp,XBLX,-1,-1,G:\GYD\1-30\draft\苏勇\小班区划\P13_1.shp,XBLX,-1,-1,G:\GYD\1-30\draft\苏勇\小班区划\P13_2.shp,XBLX,-1,-1,G:\GYD\1-30\draft\苏勇\小班区划\P13_3.shp,XBLX,-1,-1,G:\GYD\1-30\draft\苏勇\小班区划\P2.shp,XBLX,-1,-1,G:\GYD\1-30\draft\苏勇\小班区划\S4.shp,XBLX,-1,-1,G:\GYD\1-30\draft\苏勇\小班区划\S5.shp,XBLX,-1,-1,G:\GYD\1-30\draft\苏勇\小班区划\S6.shp,XBLX,-1,-1,G:\GYD\1-30\draft\苏勇\小班区划\S7.shp,XBLX,-1,-1;GNQ "GNQ" true true false 50 Text 0 0 ,First,#,G:\GYD\1-30\draft\苏勇\小班区划\A2.shp,GNQ,-1,-1,G:\GYD\1-30\draft\苏勇\小班区划\A3.shp,GNQ,-1,-1,G:\GYD\1-30\draft\苏勇\小班区划\P10.shp,GNQ,-1,-1,G:\GYD\1-30\draft\苏勇\小班区划\P13_1.shp,GNQ,-1,-1,G:\GYD\1-30\draft\苏勇\小班区划\P13_2.shp,GNQ,-1,-1,G:\GYD\1-30\draft\苏勇\小班区划\P13_3.shp,GNQ,-1,-1,G:\GYD\1-30\draft\苏勇\小班区划\P2.shp,GNQ,-1,-1,G:\GYD\1-30\draft\苏勇\小班区划\S5.shp,GNQ,-1,-1,G:\GYD\1-30\draft\苏勇\小班区划\S6.shp,GNQ,-1,-1,G:\GYD\1-30\draft\苏勇\小班区划\S7.shp,GNQ,-1,-1;BK "BK" true true false 50 Text 0 0 ,First,#,G:\GYD\1-30\draft\苏勇\小班区划\A2.shp,BK,-1,-1,G:\GYD\1-30\draft\苏勇\小班区划\A3.shp,BK,-1,-1,G:\GYD\1-30\draft\苏勇\小班区划\P10.shp,BK,-1,-1,G:\GYD\1-30\draft\苏勇\小班区划\P13_1.shp,BK,-1,-1,G:\GYD\1-30\draft\苏勇\小班区划\P13_2.shp,BK,-1,-1,G:\GYD\1-30\draft\苏勇\小班区划\P13_3.shp,BK,-1,-1,G:\GYD\1-30\draft\苏勇\小班区划\P2.shp,BK,-1,-1,G:\GYD\1-30\draft\苏勇\小班区划\S5.shp,BK,-1,-1,G:\GYD\1-30\draft\苏勇\小班区划\S6.shp,BK,-1,-1,G:\GYD\1-30\draft\苏勇\小班区划\S7.shp,BK,-1,-1;XBID "XBID" true true false 50 Text 0 0 ,First,#,G:\GYD\1-30\draft\苏勇\小班区划\A2.shp,XBID,-1,-1,G:\GYD\1-30\draft\苏勇\小班区划\A3.shp,XBID,-1,-1,G:\GYD\1-30\draft\苏勇\小班区划\P10.shp,XBID,-1,-1,G:\GYD\1-30\draft\苏勇\小班区划\P13_1.shp,XBID,-1,-1,G:\GYD\1-30\draft\苏勇\小班区划\P13_2.shp,XBID,-1,-1,G:\GYD\1-30\draft\苏勇\小班区划\P13_3.shp,XBID,-1,-1,G:\GYD\1-30\draft\苏勇\小班区划\P2.shp,XBID,-1,-1,G:\GYD\1-30\draft\苏勇\小班区划\S4.shp,XBID,-1,-1,G:\GYD\1-30\draft\苏勇\小班区划\S5.shp,XBID,-1,-1,G:\GYD\1-30\draft\苏勇\小班区划\S7.shp,XBID,-1,-1;XBMC "XBMC" true true false 50 Text 0 0 ,First,#,G:\GYD\1-30\draft\苏勇\小班区划\A2.shp,XBMC,-1,-1,G:\GYD\1-30\draft\苏勇\小班区划\A3.shp,XBMC,-1,-1,G:\GYD\1-30\draft\苏勇\小班区划\P10.shp,XBMC,-1,-1,G:\GYD\1-30\draft\苏勇\小班区划\P13_1.shp,XBMC,-1,-1,G:\GYD\1-30\draft\苏勇\小班区划\P13_2.shp,XBMC,-1,-1,G:\GYD\1-30\draft\苏勇\小班区划\P13_3.shp,XBMC,-1,-1,G:\GYD\1-30\draft\苏勇\小班区划\P2.shp,XBMC,-1,-1,G:\GYD\1-30\draft\苏勇\小班区划\S4.shp,XBMC,-1,-1,G:\GYD\1-30\draft\苏勇\小班区划\S5.shp,XBMC,-1,-1,G:\GYD\1-30\draft\苏勇\小班区划\S7.shp,XBMC,-1,-1;XBMS "XBMS" true true false 50 Text 0 0 ,First,#,G:\GYD\1-30\draft\苏勇\小班区划\A2.shp,XBMS,-1,-1,G:\GYD\1-30\draft\苏勇\小班区划\A3.shp,XBMS,-1,-1,G:\GYD\1-30\draft\苏勇\小班区划\P10.shp,XBMS,-1,-1,G:\GYD\1-30\draft\苏勇\小班区划\P13_1.shp,XBMS,-1,-1,G:\GYD\1-30\draft\苏勇\小班区划\P13_2.shp,XBMS,-1,-1,G:\GYD\1-30\draft\苏勇\小班区划\P13_3.shp,XBMS,-1,-1,G:\GYD\1-30\draft\苏勇\小班区划\P2.shp,XBMS,-1,-1,G:\GYD\1-30\draft\苏勇\小班区划\S4.shp,XBMS,-1,-1,G:\GYD\1-30\draft\苏勇\小班区划\S5.shp,XBMS,-1,-1,G:\GYD\1-30\draft\苏勇\小班区划\S7.shp,XBMS,-1,-1;XFLX "XFLX" true true false 50 Text 0 0 ,First,#,G:\GYD\1-30\draft\苏勇\小班区划\A2.shp,XFLX,-1,-1,G:\GYD\1-30\draft\苏勇\小班区划\A3.shp,XFLX,-1,-1,G:\GYD\1-30\draft\苏勇\小班区划\P10.shp,XFLX,-1,-1,G:\GYD\1-30\draft\苏勇\小班区划\P13_1.shp,XFLX,-1,-1,G:\GYD\1-30\draft\苏勇\小班区划\P13_2.shp,XFLX,-1,-1,G:\GYD\1-30\draft\苏勇\小班区划\P13_3.shp,XFLX,-1,-1,G:\GYD\1-30\draft\苏勇\小班区划\P2.shp,XFLX,-1,-1,G:\GYD\1-30\draft\苏勇\小班区划\S4.shp,XFLX,-1,-1,G:\GYD\1-30\draft\苏勇\小班区划\S5.shp,XFLX,-1,-1,G:\GYD\1-30\draft\苏勇\小班区划\S7.shp,XFLX,-1,-1;GNQHID "GNQHID" true true false 50 Text 0 0 ,First,#,G:\GYD\1-30\draft\苏勇\小班区划\S4.shp,GNQHID,-1,-1;GNQMC "GNQMC" true true false 100 Text 0 0 ,First,#,G:\GYD\1-30\draft\苏勇\小班区划\S4.shp,GNQMC,-1,-1;BX "BX" true true false 50 Text 0 0 ,First,#,G:\GYD\1-30\draft\苏勇\小班区划\S4.shp,BX,-1,-1"</Process><Process ToolSource="d:\program files (x86)\arcgis\desktop10.6\ArcToolbox\Toolboxes\Data Management Tools.tbx\CalculateField" Date="20210201" Time="035013">CalculateField SYXB GNQ [GNQHID] VB #</Process><Process ToolSource="d:\program files (x86)\arcgis\desktop10.6\ArcToolbox\Toolboxes\Data Management Tools.tbx\CalculateField" Date="20210201" Time="035031">CalculateField SYXB GNQ [GNQMC] VB #</Process><Process ToolSource="d:\program files (x86)\arcgis\desktop10.6\ArcToolbox\Toolboxes\Data Management Tools.tbx\CalculateField" Date="20210201" Time="035046">CalculateField SYXB BK [GNQHID] VB #</Process><Process ToolSource="d:\program files (x86)\arcgis\desktop10.6\ArcToolbox\Toolboxes\Data Management Tools.tbx\Merge" Date="20210201" Time="064503">Merge P10东岛头示范区;A3东岛头;A2兔儿坪;P2_高峰果园;P13_示范区;全岛小班区划 G:\GYD\1-30\全岛区划结果\全岛小班区划（全）.shp "XBLX "XBLX" true true false 50 Text 0 0 ,First,#,P10东岛头示范区,XBLX,-1,-1,A3东岛头,XBLX,-1,-1,A2兔儿坪,XBLX,-1,-1,P2_高峰果园,XBLX,-1,-1,P13_示范区,XBLX,-1,-1,全岛小班区划,XBLX,-1,-1;GNQ "GNQ" true true false 50 Text 0 0 ,First,#,P10东岛头示范区,GNQ,-1,-1,A3东岛头,GNQ,-1,-1,A2兔儿坪,GNQ,-1,-1,P2_高峰果园,GNQ,-1,-1,P13_示范区,GNQ,-1,-1,全岛小班区划,GNQ,-1,-1;BK "BK" true true false 50 Text 0 0 ,First,#,P10东岛头示范区,BK,-1,-1,A3东岛头,BK,-1,-1,A2兔儿坪,BK,-1,-1,P2_高峰果园,BK,-1,-1,P13_示范区,BK,-1,-1,全岛小班区划,BK,-1,-1;XBID "XBID" true true false 50 Text 0 0 ,First,#,P10东岛头示范区,XBID,-1,-1,A3东岛头,XBID,-1,-1,A2兔儿坪,XBID,-1,-1,P2_高峰果园,XBID,-1,-1,P13_示范区,XBID,-1,-1,全岛小班区划,XBID,-1,-1;XBMC "XBMC" true true false 50 Text 0 0 ,First,#,P10东岛头示范区,XBMC,-1,-1,A3东岛头,XBMC,-1,-1,A2兔儿坪,XBMC,-1,-1,P2_高峰果园,XBMC,-1,-1,P13_示范区,XBMC,-1,-1,全岛小班区划,XBMC,-1,-1;XBMS "XBMS" true true false 50 Text 0 0 ,First,#,P10东岛头示范区,XBMS,-1,-1,A3东岛头,XBMS,-1,-1,A2兔儿坪,XBMS,-1,-1,P2_高峰果园,XBMS,-1,-1,P13_示范区,XBMS,-1,-1,全岛小班区划,XBMS,-1,-1;XFLX "XFLX" true true false 50 Text 0 0 ,First,#,P10东岛头示范区,XFLX,-1,-1,A3东岛头,XFLX,-1,-1,A2兔儿坪,XFLX,-1,-1,P2_高峰果园,XFLX,-1,-1,P13_示范区,XFLX,-1,-1,全岛小班区划,XFLX,-1,-1;GNQHID "GNQHID" true true false 50 Text 0 0 ,First,#,P10东岛头示范区,GNQHID,-1,-1,A3东岛头,GNQHID,-1,-1,A2兔儿坪,GNQHID,-1,-1,P2_高峰果园,GNQHID,-1,-1,P13_示范区,GNQHID,-1,-1;GNQMC "GNQMC" true true false 100 Text 0 0 ,First,#,P10东岛头示范区,GNQMC,-1,-1,A3东岛头,GNQMC,-1,-1,A2兔儿坪,GNQMC,-1,-1,P2_高峰果园,GNQMC,-1,-1,P13_示范区,GNQMC,-1,-1;BX "BX" true true false 50 Text 0 0 ,First,#,P10东岛头示范区,BX,-1,-1,A3东岛头,BX,-1,-1,A2兔儿坪,BX,-1,-1,P2_高峰果园,BX,-1,-1,P13_示范区,BX,-1,-1;XBMJ "XBMJ" true true false 19 Double 0 0 ,First,#,全岛小班区划,XBMJ,-1,-1;编号 "编号" true true false 50 Text 0 0 ,First,#,全岛小班区划,编号,-1,-1;YSSZ "YSSZ" true true false 254 Text 0 0 ,First,#,全岛小班区划,YSSZ,-1,-1;SZZC "SZZC" true true false 254 Text 0 0 ,First,#,全岛小班区划,SZZC,-1,-1;PJNL "PJNL" true true false 19 Double 0 0 ,First,#,全岛小班区划,PJNL,-1,-1;PJSG "PJSG" true true false 19 Double 0 0 ,First,#,全岛小班区划,PJSG,-1,-1;YSSG "YSSG" true true false 19 Double 0 0 ,First,#,全岛小班区划,YSSG,-1,-1;PJXJ "PJXJ" true true false 19 Double 0 0 ,First,#,全岛小班区划,PJXJ,-1,-1;XJDMJ "XJDMJ" true true false 19 Double 0 0 ,First,#,全岛小班区划,XJDMJ,-1,-1;XJL "XJL" true true false 19 Double 0 0 ,First,#,全岛小班区划,XJL,-1,-1;SWL "SWL" true true false 19 Double 0 0 ,First,#,全岛小班区划,SWL,-1,-1;ZS "ZS" true true false 19 Double 0 0 ,First,#,全岛小班区划,ZS,-1,-1;SZL "SZL" true true false 19 Double 0 0 ,First,#,全岛小班区划,SZL,-1,-1;XB_X "XB_X" true true false 19 Double 0 0 ,First,#,全岛小班区划,XB_X,-1,-1;XB_Y "XB_Y" true true false 19 Double 0 0 ,First,#,全岛小班区划,XB_Y,-1,-1;XBBH "XBBH" true true false 10 Long 0 10 ,First,#,全岛小班区划,XBBH,-1,-1;SUM_SGMJ "SUM_SGMJ" true true false 19 Double 0 0 ,First,#,全岛小班区划,SUM_SGMJ,-1,-1;YBD "YBD" true true false 19 Double 0 0 ,First,#,全岛小班区划,YBD,-1,-1;TRLX "TRLX" true true false 50 Text 0 0 ,First,#,全岛小班区划,TRLX,-1,-1;TRQSCD "TRQSCD" true true false 19 Double 0 0 ,First,#,全岛小班区划,TRQSCD,-1,-1;TRQSCDDJ "TRQSCDDJ" true true false 50 Text 0 0 ,First,#,全岛小班区划,TRQSCDDJ,-1,-1;TRZD "TRZD" true true false 50 Text 0 0 ,First,#,全岛小班区划,TRZD,-1,-1"</Process><Process ToolSource="d:\program files (x86)\arcgis\desktop10.6\ArcToolbox\Toolboxes\Data Management Tools.tbx\CalculateField" Date="20210201" Time="222039">CalculateField 全岛小班 XBLX "建设用地" VB #</Process><Process ToolSource="d:\program files (x86)\arcgis\desktop10.6\ArcToolbox\Toolboxes\Data Management Tools.tbx\CalculateField" Date="20210201" Time="222118">CalculateField 全岛小班 XBLX "建筑" VB #</Process><Process ToolSource="d:\program files (x86)\arcgis\desktop10.6\ArcToolbox\Toolboxes\Data Management Tools.tbx\CalculateField" Date="20210201" Time="222141">CalculateField 全岛小班 XBLX "建设用地" VB #</Process><Process ToolSource="d:\program files (x86)\arcgis\desktop10.6\ArcToolbox\Toolboxes\Data Management Tools.tbx\CalculateField" Date="20210201" Time="222251">CalculateField 全岛小班 XBLX "水" VB #</Process><Process ToolSource="d:\program files (x86)\arcgis\desktop10.6\ArcToolbox\Toolboxes\Data Management Tools.tbx\CalculateField" Date="20210201" Time="222303">CalculateField 全岛小班 XFLX "池塘" VB #</Process><Process ToolSource="d:\program files (x86)\arcgis\desktop10.6\ArcToolbox\Toolboxes\Data Management Tools.tbx\CalculateField" Date="20210201" Time="222332">CalculateField 全岛小班 XFLX "湖泊" VB #</Process><Process ToolSource="d:\program files (x86)\arcgis\desktop10.6\ArcToolbox\Toolboxes\Data Management Tools.tbx\CalculateField" Date="20210201" Time="222403">CalculateField 全岛小班 XBLX "水" VB #</Process><Process ToolSource="d:\program files (x86)\arcgis\desktop10.6\ArcToolbox\Toolboxes\Data Management Tools.tbx\CalculateField" Date="20210201" Time="222436">CalculateField 全岛小班 XBLX "水" VB #</Process><Process ToolSource="d:\program files (x86)\arcgis\desktop10.6\ArcToolbox\Toolboxes\Data Management Tools.tbx\Merge" Date="20210202" Time="001816">Merge 全岛小班;A1;A2;A3;A4 G:\GYD\1-30\全岛区划结果\全岛小班区划（2改）.shp "XBLX "XBLX" true true false 50 Text 0 0 ,First,#,全岛小班,XBLX,-1,-1,A1,XBLX,-1,-1,A2,XBLX,-1,-1,A3,XBLX,-1,-1,A4,XBLX,-1,-1;GNQ "GNQ" true true false 50 Text 0 0 ,First,#,全岛小班,GNQ,-1,-1,A1,GNQ,-1,-1,A2,GNQ,-1,-1,A3,GNQ,-1,-1,A4,GNQ,-1,-1;BK "BK" true true false 50 Text 0 0 ,First,#,全岛小班,BK,-1,-1,A1,BK,-1,-1,A2,BK,-1,-1,A3,BK,-1,-1,A4,BK,-1,-1;XBID "XBID" true true false 50 Text 0 0 ,First,#,全岛小班,XBID,-1,-1,A1,XBID,-1,-1,A2,XBID,-1,-1,A3,XBID,-1,-1,A4,XBID,-1,-1;XBMC "XBMC" true true false 50 Text 0 0 ,First,#,全岛小班,XBMC,-1,-1,A1,XBMC,-1,-1,A2,XBMC,-1,-1,A3,XBMC,-1,-1,A4,XBMC,-1,-1;XBMS "XBMS" true true false 50 Text 0 0 ,First,#,全岛小班,XBMS,-1,-1,A1,XBMS,-1,-1,A2,XBMS,-1,-1,A3,XBMS,-1,-1,A4,XBMS,-1,-1;XFLX "XFLX" true true false 50 Text 0 0 ,First,#,全岛小班,XFLX,-1,-1,A1,XFLX,-1,-1,A2,XFLX,-1,-1,A3,XFLX,-1,-1,A4,XFLX,-1,-1;GNQHID "GNQHID" true true false 50 Text 0 0 ,First,#,全岛小班,GNQHID,-1,-1,A1,GNQHID,-1,-1,A2,GNQHID,-1,-1,A3,GNQHID,-1,-1,A4,GNQHID,-1,-1;GNQMC "GNQMC" true true false 100 Text 0 0 ,First,#,全岛小班,GNQMC,-1,-1,A1,GNQMC,-1,-1,A2,GNQMC,-1,-1,A3,GNQMC,-1,-1,A4,GNQMC,-1,-1;BX "BX" true true false 50 Text 0 0 ,First,#,全岛小班,BX,-1,-1,A1,BX,-1,-1,A2,BX,-1,-1,A3,BX,-1,-1,A4,BX,-1,-1;XBMJ "XBMJ" true true false 19 Double 0 0 ,First,#,全岛小班,XBMJ,-1,-1,A1,XBMJ,-1,-1,A2,XBMJ,-1,-1,A3,XBMJ,-1,-1,A4,XBMJ,-1,-1;编号 "编号" true true false 50 Text 0 0 ,First,#,全岛小班,编号,-1,-1,A1,编号,-1,-1,A2,编号,-1,-1,A3,编号,-1,-1,A4,编号,-1,-1;YSSZ "YSSZ" true true false 254 Text 0 0 ,First,#,全岛小班,YSSZ,-1,-1,A1,YSSZ,-1,-1,A2,YSSZ,-1,-1,A3,YSSZ,-1,-1,A4,YSSZ,-1,-1;SZZC "SZZC" true true false 254 Text 0 0 ,First,#,全岛小班,SZZC,-1,-1,A1,SZZC,-1,-1,A2,SZZC,-1,-1,A3,SZZC,-1,-1,A4,SZZC,-1,-1;PJNL "PJNL" true true false 19 Double 0 0 ,First,#,全岛小班,PJNL,-1,-1,A1,PJNL,-1,-1,A2,PJNL,-1,-1,A3,PJNL,-1,-1,A4,PJNL,-1,-1;PJSG "PJSG" true true false 19 Double 0 0 ,First,#,全岛小班,PJSG,-1,-1,A1,PJSG,-1,-1,A2,PJSG,-1,-1,A3,PJSG,-1,-1,A4,PJSG,-1,-1;YSSG "YSSG" true true false 19 Double 0 0 ,First,#,全岛小班,YSSG,-1,-1,A1,YSSG,-1,-1,A2,YSSG,-1,-1,A3,YSSG,-1,-1,A4,YSSG,-1,-1;PJXJ "PJXJ" true true false 19 Double 0 0 ,First,#,全岛小班,PJXJ,-1,-1,A1,PJXJ,-1,-1,A2,PJXJ,-1,-1,A3,PJXJ,-1,-1,A4,PJXJ,-1,-1;XJDMJ "XJDMJ" true true false 19 Double 0 0 ,First,#,全岛小班,XJDMJ,-1,-1,A1,XJDMJ,-1,-1,A2,XJDMJ,-1,-1,A3,XJDMJ,-1,-1,A4,XJDMJ,-1,-1;XJL "XJL" true true false 19 Double 0 0 ,First,#,全岛小班,XJL,-1,-1,A1,XJL,-1,-1,A2,XJL,-1,-1,A3,XJL,-1,-1,A4,XJL,-1,-1;SWL "SWL" true true false 19 Double 0 0 ,First,#,全岛小班,SWL,-1,-1,A1,SWL,-1,-1,A2,SWL,-1,-1,A3,SWL,-1,-1,A4,SWL,-1,-1;ZS "ZS" true true false 19 Double 0 0 ,First,#,全岛小班,ZS,-1,-1,A1,ZS,-1,-1,A2,ZS,-1,-1,A3,ZS,-1,-1,A4,ZS,-1,-1;SZL "SZL" true true false 19 Double 0 0 ,First,#,全岛小班,SZL,-1,-1,A1,SZL,-1,-1,A2,SZL,-1,-1,A3,SZL,-1,-1,A4,SZL,-1,-1;XB_X "XB_X" true true false 19 Double 0 0 ,First,#,全岛小班,XB_X,-1,-1,A1,XB_X,-1,-1,A2,XB_X,-1,-1,A3,XB_X,-1,-1,A4,XB_X,-1,-1;XB_Y "XB_Y" true true false 19 Double 0 0 ,First,#,全岛小班,XB_Y,-1,-1,A1,XB_Y,-1,-1,A2,XB_Y,-1,-1,A3,XB_Y,-1,-1,A4,XB_Y,-1,-1;XBBH "XBBH" true true false 10 Long 0 10 ,First,#,全岛小班,XBBH,-1,-1,A1,XBBH,-1,-1,A2,XBBH,-1,-1,A3,XBBH,-1,-1,A4,XBBH,-1,-1;SUM_SGMJ "SUM_SGMJ" true true false 19 Double 0 0 ,First,#,全岛小班,SUM_SGMJ,-1,-1,A1,SUM_SGMJ,-1,-1,A2,SUM_SGMJ,-1,-1,A3,SUM_SGMJ,-1,-1,A4,SUM_SGMJ,-1,-1;YBD "YBD" true true false 19 Double 0 0 ,First,#,全岛小班,YBD,-1,-1,A1,YBD,-1,-1,A2,YBD,-1,-1,A3,YBD,-1,-1,A4,YBD,-1,-1;TRLX "TRLX" true true false 50 Text 0 0 ,First,#,全岛小班,TRLX,-1,-1,A1,TRLX,-1,-1,A2,TRLX,-1,-1,A3,TRLX,-1,-1,A4,TRLX,-1,-1;TRQSCD "TRQSCD" true true false 19 Double 0 0 ,First,#,全岛小班,TRQSCD,-1,-1,A1,TRQSCD,-1,-1,A2,TRQSCD,-1,-1,A3,TRQSCD,-1,-1,A4,TRQSCD,-1,-1;TRQSCDDJ "TRQSCDDJ" true true false 50 Text 0 0 ,First,#,全岛小班,TRQSCDDJ,-1,-1,A1,TRQSCDDJ,-1,-1,A2,TRQSCDDJ,-1,-1,A3,TRQSCDDJ,-1,-1,A4,TRQSCDDJ,-1,-1;TRZD "TRZD" true true false 50 Text 0 0 ,First,#,全岛小班,TRZD,-1,-1,A1,TRZD,-1,-1,A2,TRZD,-1,-1,A3,TRZD,-1,-1,A4,TRZD,-1,-1;STLX "STLX" true true false 50 Text 0 0 ,First,#,全岛小班,STLX,-1,-1,A1,STLX,-1,-1,A2,STLX,-1,-1,A3,STLX,-1,-1,A4,STLX,-1,-1"</Process><Process ToolSource="d:\program files (x86)\arcgis\desktop10.6\ArcToolbox\Toolboxes\Data Management Tools.tbx\CalculateField" Date="20210202" Time="005641">CalculateField 全岛小班区划（2改） STLX "东岛头河流湿地" VB #</Process><Process ToolSource="d:\program files (x86)\arcgis\desktop10.6\ArcToolbox\Toolboxes\Data Management Tools.tbx\CalculateField" Date="20210202" Time="005814">CalculateField 全岛小班区划（2改） STLX "生态修复示范区人工湿地" VB #</Process><Process ToolSource="d:\program files (x86)\arcgis\desktop10.6\ArcToolbox\Toolboxes\Data Management Tools.tbx\CalculateField" Date="20210202" Time="005943">CalculateField 全岛小班区划（2改） STLX "小微湿地地块人工湿地_1" VB #</Process><Process ToolSource="d:\program files (x86)\arcgis\desktop10.6\ArcToolbox\Toolboxes\Data Management Tools.tbx\CalculateField" Date="20210202" Time="010017">CalculateField 全岛小班区划（2改） STLX "生态修复示范地生态修复区人工湿地" VB #</Process><Process ToolSource="d:\program files (x86)\arcgis\desktop10.6\ArcToolbox\Toolboxes\Data Management Tools.tbx\CalculateField" Date="20210202" Time="094347">CalculateField 全岛小班区划（2改） XFLX "池塘" VB #</Process><Process ToolSource="d:\program files (x86)\arcgis\desktop10.6\ArcToolbox\Toolboxes\Data Management Tools.tbx\CalculateField" Date="20210202" Time="094635">CalculateField 全岛小班区划（2改） XBLX "水" VB #</Process></lineage><coordRef><type Sync="TRUE">Projected</type><geogcsn Sync="TRUE">GCS_China_Geodetic_Coordinate_System_2000</geogcsn><csUnits Sync="TRUE">Linear Unit: Meter (1.000000)</csUnits><projcsn Sync="TRUE">China_Geodetic_Coordinate_System_2000_Transverse_Mercator</projcsn><peXml Sync="TRUE">&lt;ProjectedCoordinateSystem xsi:type='typens:ProjectedCoordinateSystem' xmlns:xsi='http://www.w3.org/2001/XMLSchema-instance' xmlns:xs='http://www.w3.org/2001/XMLSchema' xmlns:typens='http://www.esri.com/schemas/ArcGIS/10.6'&gt;&lt;WKT&gt;PROJCS[&amp;quot;China_Geodetic_Coordinate_System_2000_Transverse_Mercator&amp;quot;,GEOGCS[&amp;quot;GCS_China_Geodetic_Coordinate_System_2000&amp;quot;,DATUM[&amp;quot;D_China_2000&amp;quot;,SPHEROID[&amp;quot;CGCS2000&amp;quot;,6378137.0,298.257222101]],PRIMEM[&amp;quot;Greenwich&amp;quot;,0.0],UNIT[&amp;quot;Degree&amp;quot;,0.0174532925199433]],PROJECTION[&amp;quot;Transverse_Mercator&amp;quot;],PARAMETER[&amp;quot;false_easting&amp;quot;,500000.0],PARAMETER[&amp;quot;false_northing&amp;quot;,0.0],PARAMETER[&amp;quot;central_meridian&amp;quot;,108.0],PARAMETER[&amp;quot;scale_factor&amp;quot;,1.0],PARAMETER[&amp;quot;latitude_of_origin&amp;quot;,0.0],UNIT[&amp;quot;Meter&amp;quot;,1.0]]&lt;/WKT&gt;&lt;XOrigin&gt;-5123200&lt;/XOrigin&gt;&lt;YOrigin&gt;-10002100&lt;/YOrigin&gt;&lt;XYScale&gt;450265407.00157917&lt;/XYScale&gt;&lt;ZOrigin&gt;-100000&lt;/ZOrigin&gt;&lt;ZScale&gt;10000&lt;/ZScale&gt;&lt;MOrigin&gt;-100000&lt;/MOrigin&gt;&lt;MScale&gt;10000&lt;/MScale&gt;&lt;XYTolerance&gt;0.001&lt;/XYTolerance&gt;&lt;ZTolerance&gt;0.001&lt;/ZTolerance&gt;&lt;MTolerance&gt;0.001&lt;/MTolerance&gt;&lt;HighPrecision&gt;true&lt;/HighPrecision&gt;&lt;/ProjectedCoordinateSystem&gt;</peXml></coordRef><copyHistory><copy source="E:\BCHTWWJ\gyd\gyd_basedata（最新数据）\gyd_basedata\数据修改\gyd_road_pl" dest="\\LAPTOP-5PTJIT6I\C$\Users\bochuang\Desktop\新建文件夹\gyd_road_pl" date="20201222" time="16574000"></copy></copyHistory></DataProperties><SyncDate>20210202</SyncDate><SyncTime>00181000</SyncTime><ModDate>20210202</ModDate><ModTime>00181000</ModTime></Esri><dataIdInfo><envirDesc Sync="TRUE"> Version 6.2 (Build 9200) ; Esri ArcGIS 10.6.0.8321</envirDesc><dataLang><languageCode value="zho" Sync="TRUE"></languageCode><countryCode value="CHN" Sync="TRUE"></countryCode></dataLang><idCitation><resTitle Sync="TRUE">全岛小班区划（2改）</resTitle><presForm><PresFormCd value="005" Sync="TRUE"></PresFormCd></presForm></idCitation><spatRpType><SpatRepTypCd value="001" Sync="TRUE"></SpatRepTypCd></spatRpType></dataIdInfo><mdLang><languageCode value="zho" Sync="TRUE"></languageCode><countryCode value="CHN" Sync="TRUE"></countryCode></mdLang><distInfo><distFormat><formatName Sync="TRUE">Shapefile</formatName></distFormat><distTranOps><transSize Sync="TRUE">0.000</transSize></distTranOps></distInfo><mdHrLv><ScopeCd value="005" Sync="TRUE"></ScopeCd></mdHrLv><mdHrLvName Sync="TRUE">dataset</mdHrLvName><spatRepInfo><VectSpatRep><geometObjs Name="全岛小班区划（2改）"><geoObjTyp><GeoObjTypCd value="002" Sync="TRUE"></GeoObjTypCd></geoObjTyp><geoObjCnt Sync="TRUE">0</geoObjCnt></geometObjs><topLvl><TopoLevCd value="001" Sync="TRUE"></TopoLevCd></topLvl></VectSpatRep></spatRepInfo><spdoinfo><ptvctinf><esriterm Name="全岛小班区划（2改）"><efeatyp Sync="TRUE">Simple</efeatyp><efeageom code="4" Sync="TRUE"></efeageom><esritopo Sync="TRUE">FALSE</esritopo><efeacnt Sync="TRUE">0</efeacnt><spindex Sync="TRUE">FALSE</spindex><linrefer Sync="TRUE">TRUE</linrefer></esriterm></ptvctinf></spdoinfo><eainfo><detailed Name="全岛小班区划（2改）"><enttyp><enttypl Sync="TRUE">全岛小班区划（2改）</enttypl><enttypt Sync="TRUE">Feature Class</enttypt><enttypc Sync="TRUE">0</enttypc></enttyp><attr><attrlabl Sync="TRUE">FID</attrlabl><attalias Sync="TRUE">FID</attalias><attrtype Sync="TRUE">OID</attrtype><attwidth Sync="TRUE">4</attwidth><atprecis Sync="TRUE">0</atprecis><attscale Sync="TRUE">0</attscale><attrdef Sync="TRUE">Internal feature number.</attrdef><attrdefs Sync="TRUE">Esri</attrdefs><attrdomv><udom Sync="TRUE">Sequential unique whole numbers that are automatically generated.</udom></attrdomv></attr><attr><attrlabl Sync="TRUE">Shape</attrlabl><attalias Sync="TRUE">Shape</attalias><attrtype Sync="TRUE">Geometry</attrtype><attwidth Sync="TRUE">0</attwidth><atprecis Sync="TRUE">0</atprecis><attscale Sync="TRUE">0</attscale><attrdef Sync="TRUE">Feature geometry.</attrdef><attrdefs Sync="TRUE">Esri</attrdefs><attrdomv><udom Sync="TRUE">Coordinates defining the features.</udom></attrdomv></attr><attr><attrlabl Sync="TRUE">XBLX</attrlabl><attalias Sync="TRUE">XBLX</attalias><attrtype Sync="TRUE">String</attrtype><attwidth Sync="TRUE">50</attwidth><atprecis Sync="TRUE">0</atprecis><attscale Sync="TRUE">0</attscale></attr><attr><attrlabl Sync="TRUE">GNQ</attrlabl><attalias Sync="TRUE">GNQ</attalias><attrtype Sync="TRUE">String</attrtype><attwidth Sync="TRUE">50</attwidth><atprecis Sync="TRUE">0</atprecis><attscale Sync="TRUE">0</attscale></attr><attr><attrlabl Sync="TRUE">BK</attrlabl><attalias Sync="TRUE">BK</attalias><attrtype Sync="TRUE">String</attrtype><attwidth Sync="TRUE">50</attwidth><atprecis Sync="TRUE">0</atprecis><attscale Sync="TRUE">0</attscale></attr><attr><attrlabl Sync="TRUE">XBID</attrlabl><attalias Sync="TRUE">XBID</attalias><attrtype Sync="TRUE">String</attrtype><attwidth Sync="TRUE">50</attwidth><atprecis Sync="TRUE">0</atprecis><attscale Sync="TRUE">0</attscale></attr><attr><attrlabl Sync="TRUE">XBMC</attrlabl><attalias Sync="TRUE">XBMC</attalias><attrtype Sync="TRUE">String</attrtype><attwidth Sync="TRUE">50</attwidth><atprecis Sync="TRUE">0</atprecis><attscale Sync="TRUE">0</attscale></attr><attr><attrlabl Sync="TRUE">XBMS</attrlabl><attalias Sync="TRUE">XBMS</attalias><attrtype Sync="TRUE">String</attrtype><attwidth Sync="TRUE">50</attwidth><atprecis Sync="TRUE">0</atprecis><attscale Sync="TRUE">0</attscale></attr><attr><attrlabl Sync="TRUE">XFLX</attrlabl><attalias Sync="TRUE">XFLX</attalias><attrtype Sync="TRUE">String</attrtype><attwidth Sync="TRUE">50</attwidth><atprecis Sync="TRUE">0</atprecis><attscale Sync="TRUE">0</attscale></attr><attr><attrlabl Sync="TRUE">GNQHID</attrlabl><attalias Sync="TRUE">GNQHID</attalias><attrtype Sync="TRUE">String</attrtype><attwidth Sync="TRUE">50</attwidth><atprecis Sync="TRUE">0</atprecis><attscale Sync="TRUE">0</attscale></attr><attr><attrlabl Sync="TRUE">GNQMC</attrlabl><attalias Sync="TRUE">GNQMC</attalias><attrtype Sync="TRUE">String</attrtype><attwidth Sync="TRUE">100</attwidth><atprecis Sync="TRUE">0</atprecis><attscale Sync="TRUE">0</attscale></attr><attr><attrlabl Sync="TRUE">BX</attrlabl><attalias Sync="TRUE">BX</attalias><attrtype Sync="TRUE">String</attrtype><attwidth Sync="TRUE">50</attwidth><atprecis Sync="TRUE">0</atprecis><attscale Sync="TRUE">0</attscale></attr><attr><attrlabl Sync="TRUE">XBMJ</attrlabl><attalias Sync="TRUE">XBMJ</attalias><attrtype Sync="TRUE">Double</attrtype><attwidth Sync="TRUE">19</attwidth><atprecis Sync="TRUE">0</atprecis><attscale Sync="TRUE">0</attscale></attr><attr><attrlabl Sync="TRUE">编号</attrlabl><attalias Sync="TRUE">编号</attalias><attrtype Sync="TRUE">String</attrtype><attwidth Sync="TRUE">50</attwidth><atprecis Sync="TRUE">0</atprecis><attscale Sync="TRUE">0</attscale></attr><attr><attrlabl Sync="TRUE">YSSZ</attrlabl><attalias Sync="TRUE">YSSZ</attalias><attrtype Sync="TRUE">String</attrtype><attwidth Sync="TRUE">254</attwidth><atprecis Sync="TRUE">0</atprecis><attscale Sync="TRUE">0</attscale></attr><attr><attrlabl Sync="TRUE">SZZC</attrlabl><attalias Sync="TRUE">SZZC</attalias><attrtype Sync="TRUE">String</attrtype><attwidth Sync="TRUE">254</attwidth><atprecis Sync="TRUE">0</atprecis><attscale Sync="TRUE">0</attscale></attr><attr><attrlabl Sync="TRUE">PJNL</attrlabl><attalias Sync="TRUE">PJNL</attalias><attrtype Sync="TRUE">Double</attrtype><attwidth Sync="TRUE">19</attwidth><atprecis Sync="TRUE">0</atprecis><attscale Sync="TRUE">0</attscale></attr><attr><attrlabl Sync="TRUE">PJSG</attrlabl><attalias Sync="TRUE">PJSG</attalias><attrtype Sync="TRUE">Double</attrtype><attwidth Sync="TRUE">19</attwidth><atprecis Sync="TRUE">0</atprecis><attscale Sync="TRUE">0</attscale></attr><attr><attrlabl Sync="TRUE">YSSG</attrlabl><attalias Sync="TRUE">YSSG</attalias><attrtype Sync="TRUE">Double</attrtype><attwidth Sync="TRUE">19</attwidth><atprecis Sync="TRUE">0</atprecis><attscale Sync="TRUE">0</attscale></attr><attr><attrlabl Sync="TRUE">PJXJ</attrlabl><attalias Sync="TRUE">PJXJ</attalias><attrtype Sync="TRUE">Double</attrtype><attwidth Sync="TRUE">19</attwidth><atprecis Sync="TRUE">0</atprecis><attscale Sync="TRUE">0</attscale></attr><attr><attrlabl Sync="TRUE">XJDMJ</attrlabl><attalias Sync="TRUE">XJDMJ</attalias><attrtype Sync="TRUE">Double</attrtype><attwidth Sync="TRUE">19</attwidth><atprecis Sync="TRUE">0</atprecis><attscale Sync="TRUE">0</attscale></attr><attr><attrlabl Sync="TRUE">XJL</attrlabl><attalias Sync="TRUE">XJL</attalias><attrtype Sync="TRUE">Double</attrtype><attwidth Sync="TRUE">19</attwidth><atprecis Sync="TRUE">0</atprecis><attscale Sync="TRUE">0</attscale></attr><attr><attrlabl Sync="TRUE">SWL</attrlabl><attalias Sync="TRUE">SWL</attalias><attrtype Sync="TRUE">Double</attrtype><attwidth Sync="TRUE">19</attwidth><atprecis Sync="TRUE">0</atprecis><attscale Sync="TRUE">0</attscale></attr><attr><attrlabl Sync="TRUE">ZS</attrlabl><attalias Sync="TRUE">ZS</attalias><attrtype Sync="TRUE">Double</attrtype><attwidth Sync="TRUE">19</attwidth><atprecis Sync="TRUE">0</atprecis><attscale Sync="TRUE">0</attscale></attr><attr><attrlabl Sync="TRUE">SZL</attrlabl><attalias Sync="TRUE">SZL</attalias><attrtype Sync="TRUE">Double</attrtype><attwidth Sync="TRUE">19</attwidth><atprecis Sync="TRUE">0</atprecis><attscale Sync="TRUE">0</attscale></attr><attr><attrlabl Sync="TRUE">XB_X</attrlabl><attalias Sync="TRUE">XB_X</attalias><attrtype Sync="TRUE">Double</attrtype><attwidth Sync="TRUE">19</attwidth><atprecis Sync="TRUE">0</atprecis><attscale Sync="TRUE">0</attscale></attr><attr><attrlabl Sync="TRUE">XB_Y</attrlabl><attalias Sync="TRUE">XB_Y</attalias><attrtype Sync="TRUE">Double</attrtype><attwidth Sync="TRUE">19</attwidth><atprecis Sync="TRUE">0</atprecis><attscale Sync="TRUE">0</attscale></attr><attr><attrlabl Sync="TRUE">XBBH</attrlabl><attalias Sync="TRUE">XBBH</attalias><attrtype Sync="TRUE">Integer</attrtype><attwidth Sync="TRUE">10</attwidth><atprecis Sync="TRUE">10</atprecis><attscale Sync="TRUE">0</attscale></attr><attr><attrlabl Sync="TRUE">SUM_SGMJ</attrlabl><attalias Sync="TRUE">SUM_SGMJ</attalias><attrtype Sync="TRUE">Double</attrtype><attwidth Sync="TRUE">19</attwidth><atprecis Sync="TRUE">0</atprecis><attscale Sync="TRUE">0</attscale></attr><attr><attrlabl Sync="TRUE">YBD</attrlabl><attalias Sync="TRUE">YBD</attalias><attrtype Sync="TRUE">Double</attrtype><attwidth Sync="TRUE">19</attwidth><atprecis Sync="TRUE">0</atprecis><attscale Sync="TRUE">0</attscale></attr><attr><attrlabl Sync="TRUE">TRLX</attrlabl><attalias Sync="TRUE">TRLX</attalias><attrtype Sync="TRUE">String</attrtype><attwidth Sync="TRUE">50</attwidth><atprecis Sync="TRUE">0</atprecis><attscale Sync="TRUE">0</attscale></attr><attr><attrlabl Sync="TRUE">TRQSCD</attrlabl><attalias Sync="TRUE">TRQSCD</attalias><attrtype Sync="TRUE">Double</attrtype><attwidth Sync="TRUE">19</attwidth><atprecis Sync="TRUE">0</atprecis><attscale Sync="TRUE">0</attscale></attr><attr><attrlabl Sync="TRUE">TRQSCDDJ</attrlabl><attalias Sync="TRUE">TRQSCDDJ</attalias><attrtype Sync="TRUE">String</attrtype><attwidth Sync="TRUE">50</attwidth><atprecis Sync="TRUE">0</atprecis><attscale Sync="TRUE">0</attscale></attr><attr><attrlabl Sync="TRUE">TRZD</attrlabl><attalias Sync="TRUE">TRZD</attalias><attrtype Sync="TRUE">String</attrtype><attwidth Sync="TRUE">50</attwidth><atprecis Sync="TRUE">0</atprecis><attscale Sync="TRUE">0</attscale></attr><attr><attrlabl Sync="TRUE">STLX</attrlabl><attalias Sync="TRUE">STLX</attalias><attrtype Sync="TRUE">String</attrtype><attwidth Sync="TRUE">50</attwidth><atprecis Sync="TRUE">0</atprecis><attscale Sync="TRUE">0</attscale></attr></detailed></eainfo><mdDateSt Sync="TRUE">20210202</mdDateSt><refSysInfo><RefSystem><refSysID><identCode code="0" Sync="TRUE"></identCode></refSysID></RefSystem></refSysInfo><mdChar><CharSetCd value="004" Sync="TRUE"></CharSetCd></mdChar></metadata>
